	mcg	gvh	alm	mit	erl	pox	vac	nuc	Class
0	0.58	0.61	0.47	0.13	0.5	0.0	0.48	0.22	0
1	0.43	0.67	0.48	0.27	0.5	0.0	0.53	0.22	0
2	0.64	0.62	0.49	0.15	0.5	0.0	0.53	0.22	0
3	0.58	0.44	0.57	0.13	0.5	0.0	0.54	0.22	1
4	0.42	0.44	0.48	0.54	0.5	0.0	0.48	0.22	0
5	0.51	0.4	0.56	0.17	0.5	0.5	0.49	0.22	2
6	0.5	0.54	0.48	0.65	0.5	0.0	0.53	0.22	0
7	0.48	0.45	0.59	0.2	0.5	0.0	0.58	0.34	1
8	0.55	0.5	0.66	0.36	0.5	0.0	0.49	0.22	0
9	0.4	0.39	0.6	0.15	0.5	0.0	0.58	0.3	2
10	0.43	0.39	0.54	0.21	0.5	0.0	0.53	0.27	1
11	0.42	0.37	0.59	0.2	0.5	0.0	0.52	0.29	1
12	0.4	0.42	0.57	0.35	0.5	0.0	0.53	0.25	2
13	0.6	0.4	0.52	0.46	0.5	0.0	0.53	0.22	0
14	0.66	0.55	0.45	0.19	0.5	0.0	0.46	0.22	0
15	0.46	0.44	0.52	0.11	0.5	0.0	0.5	0.22	2
16	0.47	0.39	0.5	0.11	0.5	0.0	0.49	0.4	2
17	0.58	0.47	0.54	0.11	0.5	0.0	0.51	0.26	1
18	0.5	0.34	0.55	0.21	0.5	0.0	0.49	0.22	1
19	0.61	0.6	0.55	0.21	0.5	0.0	0.5	0.25	1
20	0.45	0.4	0.5	0.16	0.5	0.0	0.5	0.22	2
21	0.43	0.44	0.48	0.22	0.5	0.0	0.51	0.22	2
22	0.73	0.63	0.42	0.3	0.5	0.0	0.49	0.22	2
23	0.43	0.53	0.52	0.13	0.5	0.0	0.55	0.22	2
24	0.46	0.53	0.52	0.15	0.5	0.0	0.58	0.22	2
25	0.51	0.51	0.52	0.51	0.5	0.0	0.54	0.22	0
26	0.59	0.45	0.53	0.19	0.5	0.0	0.59	0.27	2
27	0.57	0.47	0.6	0.18	0.5	0.0	0.51	0.22	2
28	0.63	0.67	0.57	0.24	0.5	0.0	0.49	0.22	0
29	0.8	0.88	0.36	0.39	0.5	0.0	0.56	0.33	3
30	0.53	0.54	0.43	0.1	0.5	0.0	0.57	0.32	1
31	0.51	0.51	0.43	0.87	0.5	0.0	0.52	0.22	0
32	0.38	0.61	0.61	0.12	0.5	0.0	0.53	0.47	2
33	0.33	0.55	0.51	0.43	0.5	0.0	0.51	0.22	1
34	0.78	0.74	0.42	0.26	0.5	0.0	0.43	0.22	3
35	0.74	0.67	0.47	0.34	0.5	0.0	0.42	0.22	4
36	0.72	0.61	0.45	0.3	0.5	0.0	0.54	0.25	0
37	0.4	0.45	0.57	0.18	0.5	0.0	0.56	0.26	2
38	0.59	0.53	0.43	0.44	0.5	0.0	0.5	0.22	0
39	0.57	0.53	0.53	0.34	0.5	0.0	0.53	0.22	0
40	0.86	0.68	0.39	0.24	0.5	0.0	0.54	0.22	5
41	0.86	0.74	0.51	0.4	0.5	0.0	0.55	0.22	5
42	0.79	0.57	0.41	0.28	0.5	0.0	0.59	0.22	5
43	0.41	0.54	0.39	0.2	0.5	0.0	0.51	0.22	6
44	0.37	0.36	0.56	0.18	0.5	0.0	0.48	0.26	7
45	0.53	0.31	0.58	0.39	0.5	0.0	0.47	0.37	1
46	0.74	0.75	0.58	0.47	0.5	0.0	0.4	0.35	5
47	0.49	0.39	0.52	0.29	0.5	0.0	0.48	0.22	4
48	0.74	0.57	0.51	0.28	0.5	0.0	0.58	0.22	7
49	0.42	0.24	0.34	0.16	0.5	0.0	0.5	0.22	6
50	0.48	0.39	0.51	0.21	0.5	0.0	0.52	0.28	2
51	0.41	0.53	0.45	0.14	0.5	0.0	0.52	0.66	6
52	0.45	0.46	0.55	0.43	0.5	0.0	0.55	0.38	1
53	0.56	0.48	0.58	0.27	0.5	0.0	0.51	0.22	2
54	0.64	0.59	0.56	0.23	0.5	0.0	0.46	0.22	2
55	0.64	0.56	0.56	0.22	0.5	0.0	0.45	0.22	2
56	0.66	0.62	0.49	0.1	0.5	0.0	0.49	0.22	2
57	0.53	0.44	0.51	0.33	0.5	0.0	0.55	0.22	2
58	0.38	0.49	0.53	0.19	0.5	0.0	0.5	0.22	2
59	0.45	0.58	0.48	0.67	0.5	0.0	0.52	0.22	0
60	0.43	0.35	0.52	0.52	0.5	0.0	0.54	0.22	0
61	0.37	0.32	0.47	0.18	0.5	0.0	0.45	0.25	1
62	0.48	0.43	0.51	0.32	0.5	0.0	0.52	0.43	1
63	0.41	0.46	0.59	0.19	0.5	0.0	0.58	0.27	1
64	0.54	0.48	0.44	0.08	0.5	0.0	0.52	0.27	2
65	0.6	0.47	0.45	0.22	0.5	0.0	0.51	0.29	2
66	0.34	0.46	0.57	0.09	0.5	0.0	0.55	0.22	2
67	0.48	0.54	0.55	0.12	0.5	0.0	0.51	0.22	2
68	0.47	0.39	0.59	0.15	0.5	0.0	0.57	0.22	2
69	0.81	0.85	0.47	0.37	0.5	0.0	0.56	0.22	4
70	0.48	0.42	0.52	0.24	0.5	0.0	0.56	0.22	2
71	0.58	0.51	0.49	0.27	0.5	0.0	0.57	0.29	2
72	0.6	0.5	0.44	0.61	0.5	0.0	0.47	0.22	0
73	0.45	0.55	0.54	0.66	0.5	0.0	0.47	0.22	0
74	0.46	0.49	0.58	0.23	0.5	0.0	0.44	0.22	0
75	0.49	0.42	0.56	0.55	0.5	0.0	0.42	0.25	0
76	0.63	0.53	0.54	0.4	0.5	0.0	0.5	0.22	0
77	0.5	0.54	0.53	0.54	0.5	0.0	0.51	0.27	0
78	0.63	0.57	0.59	0.4	0.5	0.0	0.38	0.22	0
79	0.43	0.57	0.51	0.49	0.5	0.0	0.48	0.22	0
80	0.48	0.45	0.55	0.5	0.5	0.0	0.53	0.22	0
81	0.5	0.58	0.46	0.46	0.5	0.0	0.46	0.22	0
82	0.51	0.54	0.6	0.57	0.5	0.0	0.58	0.22	0
83	0.54	0.52	0.63	0.37	0.5	0.0	0.46	0.22	0
84	0.67	0.62	0.4	0.43	0.5	0.83	0.5	0.22	0
85	0.28	0.58	0.21	0.13	0.5	0.0	0.51	0.22	6
86	0.39	0.44	0.35	0.16	0.5	0.0	0.55	0.22	6
87	0.8	0.63	0.45	0.29	0.5	0.0	0.51	0.22	4
88	0.5	0.52	0.59	0.3	0.5	0.0	0.51	0.35	1
89	0.42	0.47	0.52	0.41	0.5	0.0	0.53	0.32	2
90	0.36	0.46	0.62	0.46	0.5	0.0	0.51	0.33	2
91	0.46	0.38	0.47	0.22	0.5	0.0	0.52	0.27	0
92	0.4	0.45	0.56	0.2	0.5	0.0	0.45	0.22	2
93	0.33	0.43	0.64	0.16	0.5	0.0	0.52	0.52	1
94	0.49	0.61	0.49	0.25	0.5	0.0	0.5	0.28	2
95	0.38	0.5	0.37	0.26	0.5	0.0	0.43	0.22	6
96	0.69	0.7	0.52	0.36	0.5	0.0	0.46	0.22	4
97	0.61	0.72	0.39	0.33	0.5	0.0	0.58	0.22	0
98	0.78	0.75	0.4	0.28	0.5	0.0	0.53	0.22	0
99	0.64	0.57	0.57	0.27	0.5	0.0	0.37	0.22	2
100	0.36	0.58	0.35	0.24	0.5	0.0	0.44	0.22	6
101	0.36	0.43	0.39	0.12	0.5	0.0	0.49	0.22	6
102	0.47	0.52	0.5	0.4	0.5	0.0	0.41	0.22	2
103	0.48	0.23	0.57	0.27	0.5	0.0	0.48	0.47	1
104	0.47	0.39	0.55	0.24	0.5	0.0	0.47	0.22	2
105	0.44	0.59	0.36	0.16	0.5	0.0	0.52	0.22	6
106	0.42	0.35	0.54	0.18	0.5	0.0	0.56	0.22	2
107	0.3	0.56	0.55	0.18	0.5	0.0	0.5	0.22	2
108	0.65	0.65	0.52	0.16	0.5	0.0	0.6	0.22	2
109	0.27	0.6	0.48	0.23	0.5	0.0	0.55	0.22	2
110	0.45	0.41	0.5	0.46	0.5	0.5	0.5	0.27	8
111	0.44	0.52	0.41	0.23	0.5	0.0	0.51	0.22	1
112	0.3	0.32	0.57	0.19	0.5	0.0	0.48	0.55	1
113	0.4	0.44	0.49	0.47	0.5	0.0	0.49	0.27	1
114	0.45	0.51	0.5	0.16	0.5	0.0	0.52	1.0	1
115	0.45	0.45	0.5	0.6	0.5	0.0	0.49	0.22	0
116	0.59	0.67	0.56	0.41	0.5	0.0	0.47	0.22	0
117	0.47	0.47	0.57	0.48	0.5	0.0	0.48	0.22	0
118	0.35	0.52	0.48	0.22	0.5	0.0	0.26	0.22	0
119	0.47	0.41	0.66	0.26	0.5	0.0	0.53	0.22	0
120	0.64	0.62	0.29	0.28	0.5	0.0	0.51	0.22	0
121	0.55	0.53	0.55	0.46	0.5	0.0	0.52	0.22	0
122	0.67	0.62	0.54	0.43	0.5	0.0	0.53	0.22	0
123	0.59	0.6	0.49	0.43	0.5	0.0	0.53	0.31	0
124	0.54	0.55	0.34	0.31	0.5	0.0	0.54	0.22	6
125	0.58	0.62	0.54	0.17	0.5	0.0	0.48	0.22	0
126	0.4	0.38	0.53	0.16	0.5	0.0	0.52	0.27	1
127	0.46	0.71	0.48	0.53	0.5	0.0	0.53	0.22	0
128	0.53	0.51	0.55	0.05	0.5	0.0	0.45	0.25	1
129	0.41	0.4	0.59	0.47	0.5	0.0	0.48	0.43	2
130	0.5	0.64	0.57	0.15	0.5	0.0	0.47	0.22	2
131	0.4	0.62	0.52	0.31	0.5	0.0	0.49	0.31	2
132	0.6	0.5	0.57	0.25	0.5	0.0	0.41	0.26	2
133	0.62	0.51	0.52	0.42	0.5	0.0	0.54	0.27	1
134	0.35	0.58	0.54	0.16	0.5	0.0	0.51	0.22	1
135	0.34	0.54	0.5	0.21	0.5	0.0	0.54	0.31	2
136	0.39	0.58	0.5	0.26	0.5	0.0	0.54	0.59	6
137	0.48	0.54	0.5	0.17	0.5	0.0	0.53	0.22	1
138	0.29	0.32	0.58	0.15	0.5	0.0	0.5	0.3	2
139	0.47	0.32	0.64	0.3	0.5	0.0	0.63	0.22	1
140	0.39	0.47	0.56	0.16	0.5	0.0	0.47	0.22	2
141	0.58	0.48	0.51	0.47	0.5	0.0	0.55	0.22	1
142	0.64	0.6	0.57	0.19	0.5	0.0	0.43	0.22	1
143	0.37	0.46	0.4	0.27	0.5	0.0	0.45	0.22	1
144	0.43	0.57	0.53	0.16	0.5	0.0	0.54	0.22	2
145	0.28	0.37	0.61	0.09	0.5	0.0	0.52	0.55	1
146	0.59	0.48	0.5	0.14	0.5	0.0	0.45	0.25	2
147	0.39	0.55	0.48	0.31	0.5	0.0	0.54	0.29	2
148	0.26	0.36	0.47	0.34	0.5	0.0	0.53	0.72	1
149	0.51	0.34	0.5	0.19	0.5	0.0	0.5	0.22	1
150	0.58	0.5	0.5	0.12	0.5	0.0	0.48	0.25	1
151	0.44	0.39	0.53	0.14	0.5	0.0	0.54	0.44	2
152	0.41	0.39	0.44	0.34	0.5	0.0	0.48	0.4	1
153	0.45	0.43	0.51	0.24	0.5	0.0	0.54	0.33	2
154	0.36	0.68	0.46	0.16	0.5	0.0	0.53	0.28	1
155	0.42	0.31	0.5	0.15	0.5	0.0	0.53	0.22	1
156	0.42	0.43	0.56	0.1	0.5	0.0	0.49	0.22	2
157	0.67	0.71	0.52	0.65	0.5	0.0	0.53	0.36	1
158	0.49	0.47	0.53	0.16	0.5	0.0	0.48	0.27	1
159	0.71	0.59	0.48	0.43	0.5	0.0	0.59	0.22	0
160	0.4	0.42	0.71	0.21	0.5	0.0	0.54	0.32	2
161	0.4	0.42	0.71	0.21	0.5	0.0	0.54	0.32	2
162	0.54	0.49	0.49	0.2	0.5	0.0	0.52	0.22	2
163	0.42	0.51	0.5	0.12	0.5	0.0	0.52	0.46	1
164	0.57	0.51	0.53	0.18	0.5	0.0	0.56	0.25	1
165	0.35	0.45	0.43	0.11	0.5	0.0	0.56	0.22	6
166	0.42	0.42	0.42	0.2	0.5	0.0	0.49	0.22	6
167	0.26	0.5	0.33	0.28	0.5	0.0	0.51	0.22	6
168	0.39	0.42	0.38	0.4	0.5	0.0	0.49	0.47	6
169	0.26	0.44	0.3	0.11	0.5	0.0	0.51	0.47	6
170	0.31	0.44	0.53	0.23	0.5	0.0	0.51	0.32	1
171	0.48	0.61	0.44	0.2	0.5	0.0	0.47	0.22	2
172	0.66	0.45	0.5	0.23	0.5	0.0	0.49	0.22	2
173	0.21	0.41	0.55	0.11	0.5	0.0	0.5	0.27	2
174	0.38	0.68	0.44	0.45	0.5	0.0	0.53	0.22	0
175	0.44	0.38	0.48	0.32	0.5	0.83	0.53	0.22	8
176	0.31	0.31	0.56	0.33	0.5	0.0	0.52	0.33	1
177	0.49	0.31	0.49	0.35	0.5	0.0	0.51	0.29	1
178	0.38	0.37	0.56	0.21	0.5	0.0	0.49	0.22	1
179	0.39	0.4	0.53	0.67	0.5	0.0	0.47	0.22	2
180	0.24	0.34	0.69	0.18	0.5	0.0	0.52	0.22	2
181	0.49	0.43	0.51	0.13	0.5	0.0	0.47	0.22	2
182	0.54	0.38	0.52	0.18	0.5	0.0	0.48	0.22	2
183	0.43	0.57	0.53	0.53	0.5	0.0	0.53	0.25	2
184	0.48	0.64	0.61	0.23	0.5	0.0	0.6	0.22	2
185	0.31	0.55	0.52	0.17	0.5	0.0	0.52	0.22	2
186	0.32	0.57	0.5	0.15	0.5	0.0	0.53	0.22	2
187	0.32	0.42	0.52	0.24	0.5	0.0	0.6	0.22	2
188	0.59	0.5	0.52	0.28	0.5	0.0	0.55	0.25	2
189	0.37	0.42	0.51	0.11	0.5	0.0	0.57	0.22	2
190	0.75	0.7	0.38	0.27	0.5	0.0	0.49	0.22	3
191	0.61	0.72	0.31	0.33	0.5	0.0	0.56	0.22	0
192	0.44	0.42	0.6	0.21	0.5	0.0	0.57	0.22	2
193	0.52	0.51	0.51	0.54	0.5	0.0	0.55	0.27	0
194	0.63	0.56	0.45	0.58	0.5	0.0	0.51	0.22	0
195	0.52	0.56	0.54	0.53	0.5	0.0	0.45	0.22	0
196	0.58	0.58	0.58	0.49	0.5	0.0	0.49	0.26	0
197	0.72	0.62	0.34	0.29	0.5	0.0	0.56	0.28	0
198	0.72	0.61	0.37	0.3	0.5	0.0	0.57	0.22	0
199	0.46	0.43	0.38	0.33	0.5	0.0	0.48	0.28	0
200	0.57	0.57	0.44	0.37	0.5	0.0	0.52	0.25	0
201	0.42	0.31	0.62	0.12	0.5	0.0	0.4	0.22	0
202	0.49	0.46	0.45	0.45	0.5	0.0	0.52	0.22	0
203	0.42	0.58	0.41	0.65	0.5	0.0	0.46	0.26	0
204	0.59	0.61	0.34	0.22	0.5	0.0	0.51	0.22	0
205	0.52	0.77	0.38	0.34	0.5	0.0	0.51	0.22	0
206	0.5	0.52	0.6	0.51	0.5	0.0	0.48	0.22	0
207	0.49	0.6	0.43	0.56	0.5	0.0	0.36	0.22	0
208	0.5	0.41	0.44	0.5	0.5	0.0	0.42	0.22	0
209	0.5	0.4	0.56	0.7	0.5	0.0	0.5	0.22	0
210	0.37	0.58	0.44	0.51	0.5	0.0	0.44	0.22	0
211	0.55	0.45	0.45	0.54	0.5	0.0	0.5	0.22	0
212	0.67	0.68	0.46	0.29	0.5	0.0	0.46	0.22	0
213	0.53	0.51	0.46	0.28	0.5	0.0	0.48	0.22	2
214	0.35	0.66	0.49	0.21	0.5	0.0	0.54	0.25	2
215	0.52	0.4	0.6	0.12	0.5	0.0	0.55	0.22	2
216	0.77	0.79	0.58	0.23	0.5	0.0	0.48	0.22	4
217	0.47	0.46	0.59	0.49	0.5	0.0	0.56	0.22	0
218	0.73	0.83	0.43	0.3	0.5	0.0	0.55	0.22	3
219	0.7	0.65	0.54	0.28	0.5	0.0	0.6	0.4	7
220	0.47	0.54	0.37	0.14	0.5	0.0	0.5	0.22	6
221	0.56	0.52	0.48	0.17	0.5	0.0	0.46	0.22	1
222	0.57	0.41	0.59	0.24	0.5	0.0	0.4	0.22	2
223	0.56	0.41	0.58	0.21	0.5	0.0	0.42	0.22	2
224	0.58	0.56	0.45	0.12	0.5	0.0	0.51	0.22	1
225	0.53	0.38	0.66	0.25	0.5	0.0	0.43	0.22	1
226	0.34	0.36	0.54	0.11	0.5	0.0	0.36	0.21	1
227	0.69	0.61	0.38	0.27	0.5	0.0	0.52	0.22	5
228	0.37	0.53	0.6	0.19	0.5	0.5	0.42	0.22	8
229	0.41	0.45	0.53	0.17	0.5	0.0	0.51	0.25	1
230	0.31	0.46	0.54	0.52	0.5	0.0	0.5	0.34	1
231	0.36	0.37	0.33	0.14	0.5	0.0	0.57	0.31	6
232	0.82	0.78	0.49	0.23	0.5	0.0	0.46	0.22	4
233	0.82	0.75	0.54	0.23	0.5	0.0	0.46	0.22	4
234	0.41	0.51	0.58	0.15	0.5	0.0	0.45	0.27	2
235	0.38	0.51	0.75	0.17	0.5	0.0	0.55	0.22	2
236	0.38	0.51	0.75	0.17	0.5	0.0	0.55	0.22	2
237	0.53	0.44	0.51	0.33	0.5	0.0	0.52	0.22	0
238	0.46	0.54	0.71	0.15	0.5	0.0	0.59	0.22	0
239	0.4	0.56	0.48	0.14	0.5	0.0	0.47	0.22	0
240	0.53	0.53	0.6	0.13	0.5	0.0	0.49	0.22	0
241	0.42	0.57	0.72	0.22	0.5	0.0	0.57	0.22	0
242	0.45	0.27	0.57	0.36	0.5	0.0	0.52	0.18	2
243	0.2	0.26	0.52	0.14	0.5	0.0	0.53	0.44	2
244	0.51	0.53	0.55	0.14	0.5	0.0	0.51	0.22	2
245	0.44	0.68	0.45	0.51	0.5	0.0	0.52	0.41	0
246	0.27	0.39	0.66	0.11	0.5	0.0	0.44	0.22	0
247	0.55	0.42	0.34	0.3	0.5	0.0	0.52	0.22	6
248	0.34	0.42	0.3	0.23	0.5	0.0	0.53	0.22	6
249	0.44	0.53	0.52	0.23	0.5	0.83	0.51	0.22	8
250	0.59	0.58	0.56	0.21	0.5	0.0	0.54	0.33	1
251	0.39	0.28	0.46	0.12	0.5	0.0	0.41	0.22	1
252	0.56	0.43	0.54	0.16	0.5	0.0	0.5	0.22	1
253	0.36	0.68	0.38	0.08	0.5	0.0	0.53	0.25	7
254	0.27	0.36	0.6	0.33	0.5	0.0	0.37	0.31	1
255	0.35	0.4	0.59	0.22	0.5	0.0	0.47	0.37	1
256	0.42	0.32	0.5	0.21	0.5	0.0	0.51	0.22	1
257	0.23	0.2	0.53	0.2	0.5	0.0	0.44	0.22	1
258	0.55	0.54	0.56	0.22	0.5	0.0	0.5	0.37	1
259	0.36	0.24	0.49	0.16	0.5	0.0	0.51	0.22	1
260	0.38	0.48	0.59	0.22	0.5	0.0	0.46	0.22	2
261	0.8	0.46	0.5	0.15	0.5	0.0	0.53	0.22	2
262	0.6	0.56	0.47	0.2	0.5	0.0	0.5	0.38	1
263	0.41	0.24	0.54	0.26	0.5	0.0	0.41	0.22	1
264	0.47	0.65	0.54	0.62	0.5	0.0	0.53	0.36	0
265	0.43	0.39	0.54	0.14	0.5	0.0	0.47	0.22	1
266	0.5	0.51	0.52	0.09	0.5	0.0	0.48	0.25	1
267	0.53	0.61	0.52	0.21	0.5	0.0	0.55	0.3	1
268	0.54	0.42	0.41	0.16	0.5	0.0	0.52	0.22	5
269	0.46	0.35	0.53	0.16	0.5	0.0	0.51	0.29	2
270	0.46	0.43	0.49	0.79	0.5	0.0	0.49	0.63	1
271	0.51	0.55	0.35	0.16	0.5	0.0	0.51	0.47	6
272	0.56	0.52	0.55	0.19	0.5	0.0	0.54	0.22	2
273	0.61	0.3	0.59	0.12	0.5	0.0	0.49	0.27	1
274	0.37	0.53	0.46	0.23	0.5	0.0	0.47	0.22	1
275	0.83	0.58	0.33	0.04	0.5	0.0	0.53	0.22	5
276	0.39	0.45	0.53	0.18	0.5	0.0	0.54	0.22	2
277	0.52	0.54	0.5	0.21	0.5	0.0	0.48	0.3	2
278	0.35	0.39	0.57	0.11	0.5	0.0	0.48	0.22	1
279	0.36	0.49	0.3	0.22	0.5	0.0	0.52	0.31	6
280	0.78	0.7	0.32	0.23	0.5	0.0	0.53	0.22	3
281	0.55	0.46	0.53	0.11	0.5	0.0	0.52	0.48	2
282	0.45	0.56	0.54	0.32	0.5	0.0	0.57	0.22	2
283	0.45	0.56	0.53	0.32	0.5	0.0	0.57	0.22	2
284	0.29	0.43	0.4	0.15	0.5	0.0	0.53	0.22	6
285	0.52	0.75	0.37	0.14	0.5	0.0	0.46	0.22	6
286	0.71	0.56	0.39	0.27	0.5	0.0	0.52	0.22	5
287	0.58	0.6	0.43	0.12	0.5	0.0	0.55	0.22	6
288	0.54	0.65	0.49	0.34	0.5	0.0	0.52	0.22	2
289	0.57	0.59	0.44	0.16	0.5	0.0	0.52	0.22	5
290	0.59	0.58	0.46	0.19	0.5	0.0	0.56	0.27	2
291	0.92	0.61	0.4	0.22	0.5	0.0	0.54	0.22	5
292	0.55	0.56	0.45	0.14	0.5	0.0	0.54	0.22	2
293	0.63	0.61	0.41	0.22	0.5	0.0	0.51	0.22	6
294	0.58	0.53	0.38	0.18	0.5	0.0	0.52	0.22	6
295	0.36	0.46	0.43	0.19	0.5	0.0	0.48	0.22	6
296	0.32	0.47	0.55	0.12	0.5	0.0	0.52	0.22	2
297	0.34	0.38	0.45	0.19	0.5	0.0	0.51	0.22	5
298	0.62	0.58	0.46	0.13	0.5	0.0	0.53	0.22	2
299	0.53	0.68	0.42	0.19	0.5	0.0	0.53	0.22	6
300	0.73	0.55	0.41	0.16	0.5	0.0	0.46	0.22	5
301	0.55	0.46	0.46	0.31	0.5	0.0	0.58	0.48	1
302	0.35	0.6	0.47	0.13	0.5	0.0	0.52	0.43	1
303	0.77	0.87	0.47	0.37	0.5	0.0	0.48	0.22	4
304	0.35	0.46	0.49	0.15	1.0	0.0	0.55	0.35	2
305	0.43	0.51	0.48	0.14	0.5	0.0	0.5	0.22	2
306	0.57	0.61	0.45	0.26	0.5	0.0	0.5	0.22	2
307	0.63	0.62	0.42	0.12	0.5	0.0	0.52	0.25	2
308	0.25	0.4	0.51	0.18	0.5	0.0	0.5	0.27	2
309	0.56	0.62	0.53	0.24	0.5	0.0	0.57	0.22	2
310	0.58	0.6	0.51	0.24	0.5	0.0	0.53	0.22	2
311	0.71	0.59	0.53	0.15	0.5	0.0	0.49	0.33	2
312	0.46	0.35	0.33	0.17	0.5	0.0	0.55	0.22	6
313	0.54	0.55	0.42	0.22	0.5	0.0	0.48	0.22	6
314	0.39	0.44	0.28	0.12	0.5	0.0	0.46	0.27	6
315	0.33	0.44	0.49	0.08	0.5	0.0	0.48	0.49	1
316	0.81	0.82	0.41	0.36	0.5	0.0	0.39	0.22	4
317	0.69	0.6	0.51	0.13	0.5	0.83	0.52	0.22	8
318	0.46	0.48	0.44	0.21	0.5	0.0	0.55	0.22	8
319	0.35	0.36	0.57	0.17	0.5	0.0	0.52	0.22	2
320	0.74	0.72	0.47	0.25	0.5	0.0	0.57	0.22	3
321	0.54	0.57	0.52	0.19	0.5	0.0	0.59	0.67	1
322	0.42	0.52	0.4	0.17	0.5	0.0	0.5	0.26	6
323	0.91	0.77	0.34	0.47	0.5	0.0	0.52	0.31	3
324	0.81	0.9	0.39	0.41	0.5	0.0	0.53	0.22	5
325	0.45	0.4	0.56	0.14	0.5	0.0	0.54	0.22	2
326	0.47	0.47	0.58	0.16	0.5	0.0	0.49	0.28	2
327	0.41	0.39	0.51	0.52	0.5	0.0	0.49	0.22	2
328	0.37	0.34	0.32	0.22	0.5	0.0	0.56	0.22	6
329	0.69	0.6	0.5	0.31	0.5	0.0	0.55	0.22	2
330	0.35	0.56	0.36	0.3	0.5	0.0	0.53	0.25	6
331	0.84	0.66	0.36	0.78	0.5	0.0	0.49	0.5	3
332	0.51	0.58	0.54	0.29	0.5	0.0	0.53	0.22	2
333	0.37	0.43	0.62	0.27	0.5	0.0	0.48	0.22	1
334	0.55	0.66	0.57	0.32	0.5	0.0	0.57	0.34	2
335	0.48	0.35	0.42	0.21	0.5	0.0	0.57	0.22	2
336	0.62	0.58	0.52	0.15	0.5	0.0	0.52	0.29	2
337	0.56	0.59	0.53	0.16	0.5	0.0	0.24	0.42	1
338	0.44	0.51	0.37	0.15	0.5	0.0	0.51	0.22	6
339	0.44	0.44	0.49	0.15	0.5	0.0	0.46	0.27	1
340	0.5	0.5	0.48	0.17	0.5	0.0	0.47	0.26	2
341	0.6	0.6	0.49	0.3	0.5	0.0	0.53	0.22	1
342	0.49	0.46	0.34	0.21	0.5	0.0	0.55	0.22	6
343	0.35	0.68	0.57	0.4	0.5	0.0	0.53	0.36	1
344	0.7	0.69	0.43	0.33	0.5	0.0	0.58	0.22	3
345	0.23	0.3	0.58	0.22	0.5	0.0	0.48	0.27	1
346	0.45	0.42	0.52	0.2	0.5	0.0	0.5	0.25	2
347	0.51	0.35	0.46	0.15	0.5	0.0	0.51	0.42	2
348	0.42	0.39	0.47	0.13	0.5	0.0	0.5	0.27	2
349	0.32	0.38	0.52	0.2	0.5	0.0	0.52	0.28	2
350	0.59	0.65	0.52	0.3	0.5	0.0	0.46	0.31	2
351	0.41	0.52	0.41	0.11	0.5	0.0	0.54	0.35	2
352	0.37	0.33	0.5	0.12	0.5	0.0	0.51	0.54	2
353	0.45	0.56	0.49	0.17	0.5	0.0	0.52	0.22	2
354	0.56	0.54	0.59	0.14	0.5	0.0	0.52	0.27	1
355	0.31	0.31	0.54	0.18	0.5	0.0	0.52	0.29	1
356	0.27	0.51	0.47	0.35	0.5	0.0	0.49	0.28	1
357	0.54	0.56	0.57	0.18	0.5	0.0	0.45	0.25	1
358	0.17	0.38	0.45	0.09	0.5	0.0	0.54	0.27	1
359	0.43	0.51	0.54	0.15	0.5	0.0	0.45	0.26	1
360	0.6	0.4	0.59	0.18	0.5	0.0	0.48	0.22	2
361	0.91	0.69	0.57	0.45	0.5	0.0	0.56	0.22	5
362	0.38	0.47	0.53	0.12	0.5	0.0	0.48	0.22	2
363	0.59	0.43	0.52	0.19	0.5	0.0	0.55	0.27	2
364	0.64	0.53	0.45	0.13	0.5	0.0	0.53	0.22	2
365	0.49	0.31	0.34	0.13	0.5	0.0	0.52	0.22	6
366	0.52	0.51	0.51	0.12	0.5	0.0	0.51	0.4	2
367	0.49	0.43	0.48	0.15	0.5	0.0	0.55	0.25	2
368	0.49	0.47	0.52	0.16	0.5	0.0	0.53	0.28	2
369	0.48	0.39	0.49	0.18	0.5	0.0	0.51	0.22	2
370	0.44	0.34	0.55	0.18	0.5	0.0	0.52	0.22	2
371	0.43	0.54	0.58	0.16	0.5	0.0	0.5	0.36	1
372	0.49	0.42	0.54	0.17	0.5	0.0	0.5	0.36	2
373	0.34	0.66	0.51	0.16	0.5	0.0	0.47	0.33	1
374	0.2	0.34	0.33	0.1	0.5	0.0	0.48	0.31	6
375	0.74	0.53	0.5	0.08	0.5	0.0	0.55	0.31	2
376	0.69	0.48	0.38	0.15	0.5	0.0	0.55	0.22	5
377	0.3	0.5	0.47	0.11	0.5	0.0	0.46	0.22	2
378	0.44	0.51	0.48	0.38	0.5	0.0	0.52	0.22	2
379	0.31	0.45	0.5	0.17	0.5	0.0	0.49	0.22	2
380	0.55	0.41	0.56	0.21	0.5	0.0	0.52	0.22	2
381	0.4	0.34	0.52	0.17	0.5	0.0	0.47	0.51	1
382	0.4	0.48	0.5	0.17	0.5	0.0	0.54	0.5	2
383	0.58	0.48	0.56	0.1	0.5	0.0	0.46	0.25	1
384	0.58	0.48	0.56	0.12	0.5	0.0	0.46	0.25	1
385	0.58	0.45	0.48	0.24	0.5	0.0	0.52	0.37	2
386	0.58	0.41	0.51	0.26	0.5	0.0	0.51	0.37	2
387	0.41	0.6	0.53	0.29	0.5	0.0	0.47	0.43	1
388	0.69	0.5	0.49	0.42	0.5	0.0	0.49	0.22	0
389	0.38	0.49	0.61	0.13	0.5	0.0	0.54	0.22	2
390	0.6	0.48	0.44	0.52	0.5	0.0	0.54	0.63	1
391	0.47	0.49	0.63	0.17	0.5	0.0	0.31	0.26	1
392	0.28	0.51	0.55	0.11	0.5	0.0	0.46	0.22	1
393	0.56	0.57	0.63	0.39	1.0	0.0	0.59	0.4	1
394	0.21	0.38	0.49	0.16	0.5	0.0	0.51	0.45	2
395	0.46	0.57	0.57	0.15	0.5	0.0	0.52	0.26	1
396	0.43	0.42	0.54	0.22	0.5	0.0	0.57	0.33	1
397	0.57	0.59	0.5	0.58	0.5	0.0	0.53	0.22	0
398	0.48	0.34	0.47	0.14	0.5	0.0	0.47	0.26	2
399	0.35	0.4	0.53	0.18	0.5	0.0	0.42	0.38	2
400	0.47	0.45	0.53	0.62	0.5	0.0	0.46	0.22	0
401	0.53	0.43	0.47	0.15	0.5	0.0	0.58	0.22	2
402	0.46	0.45	0.56	0.16	0.5	0.0	0.56	0.22	2
403	0.44	0.42	0.62	0.14	0.5	0.0	0.55	0.37	1
404	0.37	0.34	0.58	0.24	0.5	0.0	0.44	0.18	1
405	0.37	0.34	0.58	0.24	0.5	0.0	0.44	0.18	1
406	0.39	0.39	0.55	0.52	0.5	0.0	0.37	0.16	1
407	0.39	0.39	0.55	0.52	0.5	0.0	0.37	0.16	1
408	0.48	0.46	0.38	0.29	0.5	0.0	0.53	0.22	6
409	0.48	0.57	0.5	0.09	0.5	0.0	0.52	0.42	1
410	0.61	0.57	0.45	0.21	0.5	0.0	0.5	0.42	1
411	0.56	0.44	0.56	0.19	0.5	0.0	0.54	0.22	2
412	0.51	0.63	0.3	0.35	0.5	0.0	0.53	0.27	6
413	0.53	0.68	0.34	0.42	0.5	0.0	0.54	0.27	6
414	0.37	0.22	0.64	0.35	0.5	0.0	0.47	0.22	1
415	0.51	0.48	0.58	0.22	0.5	0.0	0.5	0.28	1
416	0.49	0.37	0.59	0.17	0.5	0.0	0.51	0.22	1
417	0.51	0.48	0.58	0.22	0.5	0.0	0.5	0.28	1
418	0.53	0.53	0.53	0.17	0.5	0.0	0.49	0.37	1
419	0.29	0.68	0.47	0.26	0.5	0.0	0.47	0.37	1
420	0.5	0.45	0.49	0.15	0.5	0.0	0.55	0.43	1
421	0.33	0.28	0.31	0.24	0.5	0.0	0.53	0.22	6
422	0.85	0.85	0.3	0.31	0.5	0.0	0.55	0.42	3
423	0.43	0.39	0.51	0.28	0.5	0.0	0.4	0.22	1
424	0.61	0.54	0.49	0.16	0.5	0.0	0.54	0.42	2
425	0.34	0.35	0.61	0.19	0.5	0.0	0.52	0.25	1
426	0.55	0.53	0.56	0.29	0.5	0.0	0.48	0.22	0
427	0.66	0.62	0.52	0.17	0.5	0.0	0.49	0.22	2
428	0.44	0.41	0.58	0.2	0.5	0.0	0.57	0.25	2
429	0.37	0.62	0.34	0.25	0.5	0.0	0.51	0.22	6
430	0.45	0.56	0.51	0.64	0.5	0.0	0.54	0.22	0
431	0.38	0.46	0.52	0.75	0.5	0.0	0.5	0.26	0
432	0.61	0.54	0.49	0.19	0.5	0.0	0.54	0.47	2
433	0.44	0.53	0.52	0.37	0.5	0.0	0.5	0.22	1
434	0.44	0.53	0.52	0.37	0.5	0.0	0.5	0.22	1
435	0.32	0.34	0.61	0.17	0.5	0.0	0.52	0.32	1
436	0.34	0.34	0.61	0.18	0.5	0.0	0.52	0.32	1
437	0.51	0.68	0.49	0.59	0.5	0.0	0.54	0.27	0
438	0.41	0.3	0.49	0.28	0.5	0.0	0.54	0.22	2
439	0.41	0.43	0.5	0.28	0.5	0.0	0.5	0.22	2
440	0.3	0.5	0.34	0.26	0.5	0.0	0.51	0.22	6
441	0.49	0.4	0.34	0.26	0.5	0.0	0.5	0.22	6
442	0.34	0.4	0.3	0.23	0.5	0.0	0.51	0.22	6
443	0.43	0.44	0.3	0.18	0.5	0.0	0.51	0.22	6
444	0.43	0.45	0.37	0.12	0.5	0.0	0.48	0.22	6
445	0.45	0.57	0.3	0.17	0.5	0.0	0.51	0.22	6
446	0.45	0.57	0.3	0.17	0.5	0.0	0.51	0.22	6
447	0.42	0.44	0.33	0.17	0.5	0.0	0.54	0.27	6
448	0.52	0.5	0.53	0.1	0.5	0.0	0.48	0.22	8
449	0.53	0.56	0.49	0.46	0.5	0.0	0.52	0.22	0
450	0.45	0.54	0.54	0.62	0.5	0.0	0.53	0.22	0
451	0.51	0.43	0.63	0.18	0.5	0.0	0.52	0.22	2
452	0.51	0.52	0.48	0.5	0.5	0.0	0.51	0.22	0
453	0.55	0.49	0.5	0.46	0.5	0.0	0.52	0.25	0
454	0.5	0.46	0.52	0.16	0.5	0.0	0.52	0.26	2
455	0.5	0.53	0.45	0.44	0.5	0.0	0.49	0.22	0
456	0.45	0.59	0.53	0.74	0.5	0.0	0.47	0.25	0
457	0.57	0.61	0.55	0.67	0.5	0.0	0.48	0.22	0
458	0.54	0.45	0.62	0.13	0.5	0.0	0.52	0.26	1
459	0.67	0.51	0.53	0.28	0.5	0.0	0.51	0.22	0
460	0.35	0.49	0.47	0.22	0.5	0.0	0.5	0.28	0
461	0.47	0.63	0.66	0.45	0.5	0.0	0.37	0.11	0
462	0.51	0.34	0.43	0.18	0.5	0.0	0.48	0.25	2
463	0.56	0.45	0.59	0.14	0.5	0.0	0.51	0.26	1
464	0.45	0.38	0.59	0.18	0.5	0.0	0.44	0.45	1
465	0.43	0.51	0.6	0.25	0.5	0.0	0.55	0.22	2
466	0.47	0.59	0.43	0.13	0.5	0.0	0.56	0.3	6
467	0.4	0.45	0.42	0.17	0.5	0.0	0.54	0.26	6
468	0.89	0.81	0.36	0.71	0.5	0.0	0.55	0.63	3
469	0.58	0.55	0.52	0.22	0.5	0.0	0.44	0.22	0
470	0.59	0.57	0.46	0.14	0.5	0.0	0.52	0.22	0
471	0.49	0.41	0.32	0.21	0.5	0.0	0.5	0.32	6
472	0.35	0.53	0.35	0.33	0.5	0.0	0.5	0.32	6
473	0.42	0.32	0.61	0.13	0.5	0.0	0.14	0.27	1
474	0.5	0.46	0.42	0.32	0.5	0.0	0.56	0.55	6
475	0.68	0.5	0.43	0.27	0.5	0.0	0.61	0.22	5
476	0.5	0.45	0.49	0.3	0.5	0.0	0.47	0.4	1
477	0.46	0.41	0.5	0.44	0.5	0.0	0.53	0.22	0
478	0.32	0.36	0.34	0.19	0.5	0.0	0.55	0.26	6
479	0.4	0.51	0.42	0.13	0.5	0.0	0.45	0.25	6
480	0.7	0.73	0.37	0.37	0.5	0.0	0.48	0.31	3
481	0.81	0.76	0.32	0.37	0.5	0.0	0.51	0.22	5
482	0.65	0.61	0.39	0.3	0.5	0.0	0.57	0.28	6
483	0.47	0.43	0.35	0.32	0.5	0.0	0.54	0.22	6
484	0.42	0.25	0.6	0.14	0.5	0.0	0.45	0.22	2
485	0.23	0.34	0.41	0.28	0.5	0.0	0.5	0.27	1
486	0.34	0.31	0.6	0.37	0.5	0.0	0.5	0.3	1
487	0.59	0.53	0.47	0.26	0.5	0.0	0.53	0.31	1
488	0.67	0.63	0.34	0.41	0.5	0.0	0.6	0.33	3
489	0.7	0.73	0.38	0.36	0.5	0.0	0.54	0.22	3
490	0.54	0.51	0.54	0.52	0.5	0.0	0.47	0.25	0
491	0.53	0.5	0.54	0.56	0.5	0.0	0.49	0.41	0
492	0.84	0.63	0.38	0.23	0.5	0.0	0.53	0.22	4
493	0.89	0.77	0.36	0.34	0.5	0.0	0.44	0.22	4
494	0.48	0.43	0.45	0.17	0.5	0.0	0.48	0.37	6
495	0.36	0.35	0.47	0.22	0.5	0.0	0.44	0.31	6
496	0.57	0.49	0.48	0.16	0.5	0.0	0.51	0.22	1
497	0.43	0.52	0.53	0.52	1.0	0.0	0.49	0.22	2
498	0.38	0.49	0.54	1.0	0.5	0.0	0.5	0.27	2
499	0.43	0.32	0.56	0.27	0.5	0.0	0.47	0.27	1
500	0.84	0.87	0.45	0.54	0.5	0.0	0.28	0.22	3
501	0.27	0.56	0.56	0.18	0.5	0.0	0.52	0.22	2
502	0.89	0.82	0.6	0.49	0.5	0.0	0.55	0.22	5
503	0.37	0.55	0.29	0.32	0.5	0.0	0.51	0.22	6
504	0.87	0.83	0.57	0.36	0.5	0.0	0.36	0.22	4
505	0.43	0.45	0.54	0.14	0.5	0.0	0.5	0.31	2
506	0.52	0.48	0.54	0.28	0.5	0.0	0.54	0.22	1
507	0.77	0.6	0.42	0.33	0.5	0.0	0.57	0.22	5
508	0.76	0.74	0.56	0.34	0.5	0.0	0.51	0.3	5
509	0.58	0.76	0.4	0.37	0.5	0.0	0.54	0.3	5
510	0.94	0.6	0.33	0.49	0.5	0.0	0.54	0.22	5
511	0.36	0.44	0.57	0.18	0.5	0.0	0.42	0.22	0
512	0.42	0.51	0.39	0.22	0.5	0.0	0.49	0.26	6
513	0.52	0.48	0.58	0.55	0.5	0.0	0.48	0.22	2
514	0.42	0.32	0.48	0.16	0.5	0.0	0.55	0.22	7
515	0.43	0.38	0.51	0.24	0.5	0.0	0.46	0.33	1
516	0.48	0.57	0.52	0.61	0.5	0.0	0.51	0.22	0
517	0.83	0.53	0.52	0.2	0.5	0.0	0.48	0.25	5
518	0.36	0.34	0.46	0.19	0.5	0.0	0.52	0.22	5
519	0.51	0.43	0.47	0.19	0.5	0.0	0.52	0.37	2
520	0.54	0.54	0.49	0.14	0.5	0.0	0.56	0.22	2
521	0.44	0.41	0.44	0.13	0.5	0.0	0.49	0.42	1
522	0.52	0.62	0.54	0.19	0.5	0.0	0.5	0.22	0
523	0.46	0.4	0.38	0.18	0.5	0.0	0.49	0.22	6
524	0.68	0.5	0.55	0.65	0.5	0.0	0.46	0.31	0
525	0.53	0.44	0.47	0.22	0.5	0.0	0.53	0.22	1
526	0.48	0.48	0.5	0.47	0.5	0.0	0.55	0.22	0
527	0.46	0.14	0.36	0.21	0.5	0.0	0.5	0.25	6
528	0.5	0.45	0.48	0.17	0.5	0.0	0.5	0.26	2
529	0.44	0.53	0.43	0.17	0.5	0.0	0.54	0.75	1
530	0.46	0.47	0.46	0.16	0.5	0.0	0.51	0.22	2
531	0.52	0.49	0.57	0.57	0.5	0.0	0.51	0.22	1
532	0.62	0.64	0.56	0.2	0.5	0.0	0.48	0.33	1
533	0.46	0.32	0.58	0.17	0.5	0.0	0.61	0.25	1
534	0.78	0.48	0.47	0.3	0.5	0.0	0.53	0.47	5
535	0.49	0.62	0.65	0.18	0.5	0.0	0.46	0.43	1
536	0.5	0.34	0.62	0.19	0.5	0.0	0.57	0.22	2
537	0.39	0.37	0.33	0.23	0.5	0.0	0.53	0.26	6
538	0.39	0.37	0.56	0.15	0.5	0.0	0.5	0.27	2
539	0.33	0.37	0.54	0.28	0.5	0.0	0.53	0.27	1
540	0.39	0.37	0.33	0.23	0.5	0.0	0.52	0.26	6
541	0.33	0.38	0.53	0.26	0.5	0.0	0.52	0.27	1
542	0.48	0.51	0.57	0.24	0.5	0.0	0.5	0.22	2
543	0.5	0.62	0.54	0.66	0.5	0.0	0.49	0.22	0
544	0.47	0.54	0.54	0.48	0.5	0.0	0.53	0.26	0
545	0.72	0.58	0.42	0.28	0.5	0.0	0.48	0.22	0
546	0.41	0.41	0.51	0.19	0.5	0.0	0.57	0.22	0
547	0.81	0.65	0.52	0.41	0.5	0.0	0.57	0.26	0
548	0.5	0.49	0.52	0.2	0.5	0.0	0.43	0.52	1
549	0.18	0.48	0.46	0.12	0.5	0.0	0.0	0.25	1
550	0.26	0.38	0.52	0.36	0.5	0.0	0.48	0.56	1
551	0.53	0.51	0.51	0.11	0.5	0.0	0.49	0.41	1
552	0.58	0.49	0.5	0.41	0.5	0.0	0.57	0.22	0
553	0.62	0.6	0.47	0.16	0.5	0.0	0.53	0.22	2
554	0.68	0.58	0.51	0.19	0.5	0.83	0.54	0.22	8
555	0.4	0.52	0.53	0.52	0.5	0.0	0.51	0.22	0
556	0.51	0.47	0.41	0.44	0.5	0.0	0.5	0.22	6
557	0.72	0.56	0.4	0.26	0.5	0.0	0.51	0.26	5
558	0.49	0.44	0.45	0.22	0.5	0.0	0.51	0.22	2
559	0.32	0.47	0.55	0.25	0.5	0.0	0.49	0.22	0
560	0.46	0.57	0.52	0.28	0.5	0.0	0.52	0.22	1
561	0.53	0.48	0.45	0.44	0.5	0.0	0.49	0.27	0
562	0.49	0.48	0.46	0.63	0.5	0.0	0.52	0.22	0
563	0.7	0.53	0.42	0.22	0.5	0.0	0.51	0.28	1
564	0.68	0.68	0.49	0.15	0.5	0.0	0.53	0.22	4
565	0.47	0.6	0.35	0.21	0.5	0.0	0.52	0.22	6
566	0.55	0.49	0.45	0.18	0.5	0.0	0.49	0.22	1
567	0.4	0.53	0.61	0.21	0.5	0.0	0.48	0.33	1
568	0.57	0.44	0.42	0.2	0.5	0.0	0.54	0.22	2
569	0.4	0.47	0.48	0.18	0.5	0.0	0.46	0.22	2
570	0.34	0.54	0.54	0.13	0.5	0.0	0.52	0.22	2
571	0.43	0.83	0.55	0.2	0.5	0.0	0.47	0.4	1
572	0.55	0.65	0.5	0.28	0.5	0.0	0.55	0.22	1
573	0.29	0.46	0.54	0.27	0.5	0.0	0.49	0.22	2
574	0.46	0.42	0.6	0.21	0.5	0.0	0.4	0.22	4
575	0.8	0.81	0.55	0.35	0.5	0.0	0.42	0.22	4
576	0.79	0.74	0.49	0.33	0.5	0.0	0.48	0.22	4
577	0.45	0.48	0.63	0.67	0.5	0.0	0.48	0.22	0
578	0.66	0.52	0.52	0.44	0.5	0.0	0.56	0.27	0
579	0.5	0.49	0.59	0.47	0.5	0.0	0.49	0.36	0
580	0.54	0.52	0.54	0.2	0.5	0.0	0.55	0.25	1
581	0.37	0.31	0.53	0.16	0.5	0.0	0.53	0.44	1
582	0.43	0.39	0.59	0.13	0.5	0.0	0.41	0.43	1
583	0.48	0.47	0.54	0.55	0.5	0.0	0.51	0.65	0
584	0.6	0.59	0.45	0.23	0.5	0.0	0.55	0.22	0
585	0.45	0.73	0.47	0.65	0.5	0.0	0.54	0.43	0
586	0.66	0.54	0.49	0.16	0.5	0.0	0.54	0.36	1
587	0.46	0.55	0.61	0.13	0.5	0.0	0.47	0.22	2
588	0.42	0.5	0.53	0.22	0.5	0.83	0.5	0.22	8
589	0.66	0.66	0.32	0.54	0.5	0.0	0.51	0.22	5
590	0.74	0.56	0.35	0.36	0.5	0.0	0.51	0.25	5
591	0.89	0.52	0.41	0.26	0.5	0.0	0.52	0.31	5
592	0.67	0.51	0.54	0.21	0.5	0.0	0.43	0.3	0
593	0.58	0.46	0.46	0.34	0.5	0.0	0.5	0.43	1
594	0.4	0.68	0.5	0.82	0.5	0.0	0.44	0.36	0
595	0.59	0.57	0.43	0.26	0.5	0.0	0.51	0.22	0
596	0.39	0.3	0.56	0.12	0.5	0.0	0.53	0.38	1
597	0.6	0.62	0.54	0.4	0.5	0.0	0.5	0.22	0
598	0.36	0.4	0.53	0.48	0.5	0.0	0.48	0.22	0
599	0.51	0.42	0.56	0.38	0.5	0.0	0.46	0.22	0
600	0.41	0.54	0.58	0.2	0.5	0.0	0.52	0.22	0
601	0.57	0.4	0.62	0.3	0.5	0.0	0.48	0.11	0
602	0.52	0.5	0.59	0.31	0.5	0.0	0.5	0.22	0
603	0.42	0.53	0.53	0.64	0.5	0.0	0.47	0.22	0
604	0.5	0.46	0.64	0.36	0.5	0.0	0.49	0.22	0
605	0.6	0.51	0.6	0.38	0.5	0.83	0.52	0.24	0
606	0.45	0.38	0.64	0.14	0.5	0.0	0.54	0.22	0
607	0.6	0.57	0.64	0.52	0.5	0.0	0.47	0.28	0
608	0.53	0.42	0.58	0.29	0.5	0.0	0.5	0.22	0
609	0.41	0.52	0.53	0.41	0.5	0.0	0.39	0.33	0
610	0.45	0.43	0.63	0.4	0.5	0.0	0.59	0.11	0
611	0.44	0.44	0.67	0.35	0.5	0.0	0.48	0.26	0
612	0.58	0.52	0.61	0.33	0.5	0.0	0.38	0.11	0
613	0.57	0.61	0.55	0.27	0.5	0.0	0.44	0.21	0
614	0.57	0.58	0.58	0.35	0.5	0.0	0.49	0.22	0
615	0.64	0.64	0.56	0.21	0.5	0.0	0.5	0.22	0
616	0.56	0.5	0.61	0.49	0.5	0.0	0.46	0.28	0
617	0.6	0.46	0.59	0.16	0.5	0.0	0.49	0.22	0
618	0.36	0.38	0.56	0.44	0.5	0.0	0.48	0.22	0
619	0.53	0.52	0.61	0.35	0.5	0.0	0.5	0.22	0
620	0.62	0.59	0.54	0.47	0.5	0.0	0.46	0.22	0
621	0.55	0.5	0.6	0.31	0.5	0.0	0.46	0.27	0
622	0.58	0.53	0.57	0.46	0.5	0.0	0.51	0.27	0
623	0.65	0.53	0.55	0.52	0.5	0.0	0.47	0.27	0
624	0.38	0.54	0.54	0.41	0.5	0.0	0.51	0.22	0
625	0.58	0.53	0.5	0.53	0.5	0.0	0.47	0.31	0
626	0.61	0.46	0.51	0.37	0.5	0.0	0.51	0.22	0
627	0.55	0.59	0.47	0.64	0.5	0.0	0.54	0.33	0
628	0.54	0.64	0.5	0.13	0.5	0.0	0.49	0.22	0
629	0.4	0.74	0.49	0.16	0.5	0.0	0.51	0.22	0
630	0.76	0.76	0.35	0.27	0.5	0.0	0.44	0.22	3
631	0.51	0.56	0.51	0.42	0.5	0.0	0.53	0.36	0
632	0.43	0.32	0.5	0.29	0.5	0.0	0.5	0.22	0
633	0.49	0.44	0.45	0.55	0.5	0.0	0.48	0.22	0
634	0.32	0.45	0.44	0.2	0.5	0.0	0.55	0.33	1
635	0.51	0.6	0.51	0.26	0.5	0.0	0.54	0.22	1
636	0.49	0.46	0.42	0.46	0.5	0.0	0.55	0.22	1
637	0.5	0.56	0.49	0.61	0.5	0.0	0.5	0.22	0
638	0.51	0.48	0.51	0.43	0.5	0.0	0.49	0.22	0
639	0.52	0.38	0.62	0.12	0.5	0.0	0.41	0.28	1
640	0.53	0.4	0.57	0.12	0.5	0.0	0.53	0.32	1
641	0.51	0.56	0.62	0.24	0.5	0.0	0.52	0.51	1
642	0.63	0.6	0.5	0.27	0.5	0.0	0.55	0.22	0
643	0.46	0.44	0.53	0.31	0.5	0.0	0.48	0.22	0
644	0.58	0.57	0.54	0.69	0.5	0.0	0.54	0.22	0
645	0.61	0.59	0.47	0.49	0.5	0.0	0.54	0.22	0
646	0.63	0.47	0.56	0.12	0.5	0.0	0.5	0.22	0
647	0.55	0.53	0.54	0.4	0.5	0.0	0.48	0.22	0
648	0.41	0.47	0.58	0.62	0.5	0.0	0.5	0.22	0
649	0.44	0.53	0.53	0.37	0.5	0.0	0.51	0.22	0
650	0.57	0.4	0.48	0.24	0.5	0.0	0.55	0.22	2
651	0.46	0.46	0.56	0.12	0.5	0.0	0.55	0.22	0
652	0.47	0.46	0.55	0.28	0.5	0.0	0.44	0.46	1
653	0.39	0.35	0.49	0.17	0.5	0.0	0.49	0.22	1
654	0.58	0.38	0.4	0.21	0.5	0.0	0.5	0.22	2
655	0.53	0.41	0.5	0.24	1.0	0.0	0.47	0.22	2
656	0.43	0.4	0.5	0.18	0.5	0.0	0.5	0.28	2
657	0.41	0.59	0.46	0.19	0.5	0.0	0.36	0.22	4
658	0.58	0.56	0.52	0.25	0.5	0.0	0.57	0.35	1
659	0.51	0.65	0.53	0.19	0.5	0.0	0.49	0.22	4
660	0.81	0.79	0.32	0.37	0.5	0.0	0.41	0.22	3
661	0.44	0.41	0.29	0.21	0.5	0.0	0.49	0.22	6
662	0.49	0.6	0.55	0.17	0.5	0.0	0.44	0.22	2
663	0.56	0.63	0.52	0.2	0.5	0.0	0.34	0.26	1
664	0.42	0.28	0.57	0.18	0.5	0.0	0.42	0.22	1
665	0.51	0.46	0.54	0.41	0.5	0.0	0.53	0.22	0
666	0.6	0.51	0.52	0.45	0.5	0.0	0.5	0.27	0
667	0.37	0.41	0.45	0.14	0.5	0.0	0.47	0.22	2
668	0.37	0.51	0.57	0.4	0.5	0.0	0.48	0.27	0
669	0.36	0.39	0.55	0.26	0.5	0.0	0.49	0.22	1
670	0.5	0.36	0.53	0.41	0.5	0.0	0.55	0.36	2
671	0.59	0.58	0.39	0.52	0.5	0.0	0.5	0.31	2
672	0.78	0.63	0.53	0.13	0.5	0.0	0.54	0.22	5
673	0.47	0.59	0.37	0.31	0.5	0.0	0.51	0.36	1
674	0.48	0.62	0.52	0.3	0.5	0.0	0.51	0.37	1
675	0.53	0.61	0.51	0.49	0.5	0.0	0.54	0.27	0
676	0.48	0.54	0.53	0.6	0.5	0.0	0.53	0.31	1
677	0.33	0.46	0.53	0.29	0.5	0.0	0.5	0.55	1
678	0.36	0.44	0.51	0.17	0.5	0.0	0.6	0.19	1
679	0.39	0.34	0.68	0.3	0.5	0.0	0.5	0.29	1
680	0.11	0.41	0.67	0.13	0.5	0.0	0.45	0.29	1
681	0.4	0.53	0.44	0.18	0.5	0.0	0.54	0.31	1
682	0.47	0.5	0.55	0.19	0.5	0.0	0.62	0.22	2
683	0.35	0.5	0.44	0.27	0.5	0.0	0.51	0.22	2
684	0.36	0.3	0.5	0.19	0.5	0.0	0.55	0.3	1
685	0.49	0.44	0.51	0.18	0.5	0.0	0.52	0.27	2
686	0.35	0.44	0.54	0.26	0.5	0.0	0.52	0.26	1
687	0.43	0.28	0.53	0.34	0.5	0.0	0.55	0.57	1
688	0.33	0.48	0.55	0.16	0.5	0.0	0.53	0.75	1
689	0.45	0.21	0.49	0.24	0.5	0.0	0.46	0.31	1
690	0.44	0.34	0.61	0.13	0.5	0.0	0.49	0.26	1
691	0.87	0.47	0.6	0.47	0.5	0.0	0.59	0.22	1
692	0.3	0.55	0.58	0.16	0.5	0.0	0.61	0.28	1
693	0.29	0.34	0.55	0.24	0.5	0.0	0.51	0.22	2
694	0.75	0.67	0.51	0.29	0.5	0.0	0.52	0.36	0
695	0.47	0.47	0.5	0.15	0.5	0.0	0.5	0.48	1
696	0.51	0.34	0.49	0.16	0.5	0.0	0.53	0.21	1
697	0.64	0.76	0.51	0.18	0.5	0.0	0.46	0.22	1
698	0.45	0.41	0.58	0.48	0.5	0.0	0.53	0.64	1
699	0.9	0.54	0.59	0.2	0.5	0.0	0.48	0.22	1
700	0.88	0.59	0.54	0.39	0.5	0.0	0.41	0.3	1
701	0.7	0.51	0.47	0.24	0.5	0.0	0.53	0.25	1
702	0.25	0.36	0.58	0.3	0.5	0.0	0.58	0.31	1
703	0.69	0.62	0.49	0.0	1.0	0.0	0.47	0.22	1
704	0.83	0.57	0.42	0.57	0.5	0.0	0.5	0.32	5
705	0.43	0.38	0.38	0.12	0.5	0.0	0.5	0.22	5
706	0.78	0.65	0.4	0.16	0.5	0.0	0.63	0.22	0
707	0.52	0.64	0.34	0.16	0.5	0.0	0.57	0.22	0
708	0.75	0.66	0.64	0.39	0.5	0.0	0.46	0.32	0
709	0.41	0.49	0.58	0.22	0.5	0.0	0.52	0.22	0
710	0.58	0.51	0.56	0.16	0.5	0.0	0.34	0.22	1
711	0.48	0.49	0.45	0.23	0.5	0.0	0.51	0.22	6
712	0.39	0.42	0.49	0.1	0.5	0.0	0.49	0.65	1
713	0.31	0.42	0.48	0.17	0.5	0.0	0.49	0.53	1
714	0.39	0.28	0.54	0.14	0.5	0.0	0.59	0.22	0
715	0.76	0.67	0.37	0.22	0.5	0.0	0.54	0.22	5
716	0.49	0.27	0.57	0.18	0.5	0.83	0.54	0.22	8
717	0.28	0.48	0.56	0.16	0.5	0.0	0.48	0.26	2
718	0.69	0.39	0.52	0.12	0.5	0.0	0.38	0.35	2
719	0.64	0.52	0.5	0.26	0.5	0.0	0.51	0.31	1
720	0.56	0.48	0.5	0.3	0.5	0.0	0.51	0.22	2
721	0.5	0.5	0.54	0.16	0.5	0.0	0.49	0.22	8
722	0.47	0.43	0.59	0.27	0.5	0.0	0.55	0.22	8
723	0.68	0.59	0.44	0.49	0.5	0.0	0.4	0.26	8
724	0.5	0.51	0.57	0.27	0.5	0.0	0.48	0.22	8
725	0.45	0.46	0.61	0.2	0.5	0.0	0.62	0.22	2
726	0.53	0.51	0.36	0.13	0.5	0.0	0.52	0.22	6
727	0.6	0.54	0.54	0.53	0.5	0.0	0.52	0.27	0
728	0.49	0.52	0.53	0.7	0.5	0.0	0.51	0.22	0
729	0.49	0.45	0.53	0.16	0.5	0.0	0.49	0.31	2
730	0.51	0.46	0.57	0.25	0.5	0.0	0.53	0.22	2
731	0.49	0.45	0.46	0.18	0.5	0.0	0.49	0.31	2
732	0.52	0.46	0.51	0.18	0.5	0.0	0.5	0.22	2
733	0.55	0.59	0.52	0.1	0.5	0.0	0.53	0.22	2
734	0.39	0.58	0.5	0.1	0.5	0.0	0.51	0.25	2
735	0.33	0.38	0.45	0.19	0.5	0.0	0.54	0.37	1
736	0.61	0.46	0.44	0.47	0.5	0.0	0.5	0.37	1
737	0.41	0.48	0.38	0.13	0.5	0.0	0.51	0.35	6
738	0.37	0.42	0.6	0.13	0.5	0.0	0.51	0.22	1
739	0.45	0.58	0.59	0.44	0.5	0.0	0.56	0.22	0
740	0.74	0.89	0.32	0.24	0.5	0.0	0.54	0.32	3
741	0.28	0.46	0.26	0.18	0.5	0.0	0.39	0.22	7
742	0.51	0.46	0.49	0.21	0.5	0.0	0.55	0.22	7
743	0.8	0.82	0.57	0.26	0.5	0.0	0.57	0.27	7
744	0.46	0.49	0.45	0.28	0.5	0.0	0.55	0.22	7
745	0.4	0.36	0.55	0.15	0.5	0.0	0.53	0.22	7
746	0.67	0.46	0.58	0.3	0.5	0.0	0.57	0.27	1
747	0.5	0.32	0.49	0.49	0.5	0.0	0.48	0.32	0
748	0.45	0.53	0.47	0.43	0.5	0.0	0.5	0.27	0
749	0.75	0.6	0.43	0.35	0.5	0.0	0.45	0.27	0
750	0.56	0.68	0.52	0.39	0.5	0.0	0.36	0.22	0
751	0.48	0.45	0.59	0.35	0.5	0.0	0.55	0.3	0
752	0.26	0.28	0.6	0.2	0.5	0.0	0.54	0.31	0
753	0.59	0.45	0.58	0.21	0.5	0.0	0.49	0.22	0
754	0.48	0.52	0.49	0.35	0.5	0.5	0.51	0.22	0
755	0.59	0.58	0.47	0.61	0.5	0.0	0.44	0.3	0
756	0.5	0.57	0.62	0.25	0.5	0.0	0.51	0.22	0
757	0.57	0.49	0.5	0.2	0.5	0.0	0.51	0.28	2
758	0.62	0.43	0.49	0.29	0.5	0.0	0.5	0.27	2
759	0.45	0.41	0.49	0.14	1.0	0.0	0.53	0.3	2
760	0.47	0.49	0.6	0.15	0.5	0.0	0.38	0.22	2
761	0.41	0.48	0.54	0.24	0.5	0.0	0.37	0.51	1
762	0.46	0.46	0.53	0.23	0.5	0.0	0.51	0.22	2
763	0.48	0.42	0.48	0.19	0.5	0.0	0.58	0.22	2
764	0.43	0.45	0.53	0.19	0.5	0.0	0.56	0.22	2
765	0.28	0.36	0.55	0.15	0.5	0.0	0.57	0.22	2
766	0.48	0.46	0.58	0.26	0.5	0.0	0.44	0.22	1
767	0.74	0.72	0.5	0.28	0.5	0.0	0.5	0.27	4
768	0.74	0.72	0.5	0.28	0.5	0.0	0.49	0.27	4
769	0.38	0.62	0.52	0.14	0.5	0.0	0.53	0.22	2
770	0.77	0.72	0.48	0.26	0.5	0.0	0.51	0.22	4
771	0.44	0.42	0.57	0.22	0.5	0.0	0.5	0.25	1
772	0.74	0.74	0.51	0.27	0.5	0.0	0.5	0.22	4
773	0.39	0.81	0.35	0.28	0.5	0.0	0.51	0.45	6
774	0.53	0.54	0.43	0.18	0.5	0.0	0.53	0.31	1
775	0.38	0.45	0.37	0.19	0.5	0.0	0.52	0.3	6
776	0.4	0.37	0.54	0.13	0.5	0.0	0.48	0.22	1
777	0.31	0.3	0.34	0.19	0.5	0.0	0.55	0.3	6
778	0.5	0.42	0.57	0.49	0.5	0.0	0.48	0.27	1
779	0.59	0.61	0.51	0.62	0.5	0.0	0.51	0.38	0
780	0.45	0.4	0.43	0.22	0.5	0.0	0.51	0.48	1
781	0.47	0.54	0.53	0.77	0.5	0.0	0.52	0.36	0
782	0.77	0.78	0.51	0.28	0.5	0.0	0.33	0.22	4
783	0.74	0.71	0.52	0.3	0.5	0.0	0.27	0.22	4
784	0.77	0.73	0.51	0.27	0.5	0.0	0.34	0.22	4
785	0.47	0.61	0.5	0.23	0.5	0.0	0.49	0.22	6
786	0.78	0.69	0.44	0.26	0.5	0.0	0.54	0.22	3
787	0.49	0.6	0.3	0.34	0.5	0.0	0.5	0.43	6
788	0.27	0.56	0.3	0.14	0.5	0.0	0.52	0.39	6
789	0.4	0.39	0.33	0.17	0.5	0.0	0.51	0.31	7
790	0.55	0.51	0.54	0.2	0.5	0.0	0.56	0.22	2
791	0.95	0.71	0.27	0.39	0.5	0.0	0.31	0.22	5
792	0.97	0.71	0.29	0.42	0.5	0.0	0.35	0.22	5
793	0.44	0.43	0.34	0.21	0.5	0.0	0.55	0.4	6
794	0.39	0.49	0.3	0.19	0.5	0.0	0.52	0.31	6
795	0.38	0.48	0.51	0.13	0.5	0.0	0.5	0.32	1
796	0.37	0.51	0.39	0.18	0.5	0.0	0.51	0.27	6
797	0.27	0.49	0.36	0.26	0.5	0.0	0.49	0.26	6
798	0.49	0.48	0.52	0.2	0.5	0.0	0.55	0.22	1
799	0.36	0.39	0.54	0.16	0.5	0.0	0.5	0.28	1
800	0.54	0.53	0.48	0.14	0.5	0.0	0.49	0.33	1
801	0.37	0.48	0.5	0.26	0.5	0.0	0.52	0.39	1
802	0.25	0.39	0.5	0.23	0.5	0.0	0.5	0.28	1
803	0.49	0.71	0.54	0.13	0.5	0.0	0.58	0.22	1
804	0.56	0.5	0.56	0.26	0.5	0.0	0.53	0.27	1
805	0.41	0.53	0.41	0.15	0.5	0.0	0.54	0.25	1
806	0.5	0.45	0.53	0.21	0.5	0.0	0.28	0.22	1
807	0.46	0.37	0.48	0.36	0.5	0.0	0.48	0.22	8
808	0.66	0.55	0.34	0.2	0.5	0.0	0.62	0.22	6
809	0.42	0.65	0.58	0.34	0.5	0.0	0.5	0.22	0
810	0.45	0.47	0.53	0.15	0.5	0.0	0.52	0.27	2
811	0.42	0.28	0.51	0.23	0.5	0.0	0.53	0.27	1
812	0.51	0.48	0.46	0.29	0.5	0.0	0.54	0.22	2
813	0.75	0.69	0.48	0.13	0.5	0.0	0.57	0.4	7
814	0.69	0.7	0.5	0.3	0.5	0.0	0.54	0.22	7
815	0.63	0.55	0.53	0.51	0.5	0.0	0.55	0.22	7
816	0.55	0.63	0.54	0.16	0.5	0.0	0.45	0.27	2
817	0.46	0.62	0.54	0.25	0.5	0.0	0.46	0.22	2
818	0.53	0.59	0.48	0.14	0.5	0.0	0.51	0.22	2
819	0.42	0.53	0.57	0.17	0.5	0.0	0.49	0.22	2
820	0.52	0.46	0.56	0.2	0.5	0.0	0.5	0.22	2
821	0.53	0.43	0.57	0.24	0.5	0.0	0.39	0.28	2
822	0.33	0.35	0.56	0.19	0.5	0.0	0.5	0.22	1
823	0.45	0.48	0.56	0.56	0.5	0.0	0.47	0.22	1
824	0.56	0.48	0.5	0.17	0.5	0.0	0.51	0.26	2
825	0.77	0.57	0.45	0.17	0.5	0.0	0.53	0.22	2
826	0.56	0.59	0.54	0.18	0.5	0.0	0.48	0.46	1
827	0.33	0.39	0.52	0.09	0.5	0.0	0.47	0.28	1
828	0.48	0.41	0.54	0.39	0.5	0.0	0.51	0.22	1
829	0.3	0.3	0.46	0.32	0.5	0.0	0.45	0.22	1
830	0.38	0.26	0.6	0.1	0.5	0.0	0.48	0.44	1
831	0.68	0.39	0.5	0.15	0.5	0.0	0.48	0.37	1
832	0.62	0.41	0.52	0.17	0.5	0.0	0.48	0.22	1
833	0.52	0.37	0.48	0.13	0.5	0.0	0.55	0.22	1
834	0.32	0.48	0.49	0.17	0.5	0.0	0.47	0.22	1
835	0.34	0.35	0.58	0.2	0.5	0.0	0.46	0.32	1
836	0.33	0.21	0.53	0.15	1.0	0.0	0.52	0.5	1
837	0.49	0.45	0.57	0.24	0.5	0.0	0.47	0.38	1
838	0.4	0.28	0.48	0.06	0.5	0.0	0.49	0.42	1
839	0.51	0.39	0.56	0.25	0.5	0.0	0.51	0.33	1
840	0.45	0.45	0.52	0.17	0.5	0.0	0.54	0.22	2
841	0.28	0.51	0.55	0.19	0.5	0.0	0.57	0.22	2
842	0.51	0.51	0.56	0.28	0.5	0.0	0.54	0.27	2
843	0.48	0.56	0.49	0.32	0.5	0.0	0.5	0.22	2
844	0.59	0.46	0.48	0.46	0.5	0.0	0.49	0.22	2
845	0.51	0.46	0.4	0.65	0.5	0.0	0.49	0.22	0
846	0.37	0.44	0.51	0.56	0.5	0.0	0.5	0.38	1
847	0.81	0.55	0.35	0.34	0.5	0.0	0.51	0.22	5
848	0.53	0.45	0.53	0.18	0.5	0.0	0.42	0.22	2
849	0.45	0.27	0.5	0.33	0.5	0.0	0.53	0.26	2
850	0.36	0.33	0.38	0.15	0.5	0.0	0.55	0.36	6
851	0.48	0.5	0.56	0.11	0.5	0.0	0.33	0.22	2
852	0.35	0.47	0.53	0.19	0.5	0.0	0.48	0.22	2
853	0.48	0.48	0.56	0.18	0.5	0.0	0.58	0.22	2
854	0.6	0.59	0.47	0.47	0.5	0.0	0.53	0.22	0
855	0.45	0.53	0.51	0.42	0.5	0.0	0.52	0.22	0
856	0.29	0.4	0.41	0.48	0.5	0.0	0.53	0.3	1
857	0.58	0.53	0.33	0.26	0.5	0.0	0.51	0.22	6
858	0.46	0.43	0.5	0.24	0.5	0.0	0.48	0.31	2
859	0.43	0.46	0.5	0.21	0.5	0.0	0.49	0.34	2
860	0.61	0.55	0.51	0.26	0.5	0.0	0.52	0.22	2
861	0.5	0.62	0.52	0.3	0.5	0.0	0.56	0.22	0
862	0.49	0.45	0.54	0.4	0.5	0.0	0.55	0.22	0
863	0.64	0.53	0.59	0.14	0.5	0.0	0.53	0.22	0
864	0.57	0.6	0.54	0.17	0.5	0.0	0.52	0.22	0
865	0.38	0.31	0.59	0.19	0.5	0.0	0.46	0.22	0
866	0.68	0.53	0.44	0.31	0.5	0.0	0.51	0.22	0
867	0.24	0.41	0.47	0.16	0.5	0.0	0.51	0.38	1
868	0.61	0.39	0.53	0.14	0.5	0.0	0.43	0.26	1
869	0.39	0.16	0.59	0.08	0.5	0.0	0.51	0.27	1
870	0.33	0.28	0.5	0.4	0.5	0.0	0.46	0.61	1
871	0.51	0.55	0.56	0.18	0.5	0.0	0.5	0.38	1
872	0.39	0.44	0.54	0.24	0.5	0.0	0.51	0.49	1
873	0.43	0.48	0.53	0.18	0.5	0.0	0.46	0.22	1
874	0.47	0.43	0.48	0.16	0.5	0.0	0.46	0.27	1
875	0.52	0.5	0.51	0.2	0.5	0.0	0.51	0.22	1
876	0.33	0.28	0.52	0.15	0.5	0.0	0.51	0.86	1
877	0.36	0.48	0.5	0.13	0.5	0.0	0.49	0.6	1
878	0.45	0.54	0.49	0.29	0.5	0.0	0.49	0.25	1
879	0.55	0.59	0.53	0.15	0.5	0.0	0.49	0.22	1
880	0.31	0.39	0.55	0.28	0.5	0.0	0.46	0.31	1
881	0.43	0.41	0.51	0.34	0.5	0.0	0.49	0.28	1
882	0.64	0.5	0.53	0.1	0.5	0.0	0.51	0.22	1
883	0.41	0.52	0.56	0.26	0.5	0.0	0.48	0.32	1
884	0.48	0.47	0.59	0.41	0.5	0.0	0.56	0.27	1
885	0.49	0.49	0.51	0.29	0.5	0.0	0.52	0.71	1
886	0.41	0.52	0.51	0.22	0.5	0.0	0.52	0.44	1
887	0.51	0.61	0.5	0.23	0.5	0.0	0.52	0.61	1
888	0.59	0.47	0.51	0.53	0.5	0.0	0.53	0.26	2
889	0.4	0.6	0.5	0.16	0.5	0.0	0.51	0.22	2
890	0.54	0.53	0.53	0.17	0.5	0.0	0.51	0.39	1
891	0.61	0.46	0.54	0.11	0.5	0.0	0.47	0.22	2
892	0.66	0.55	0.54	0.18	0.5	0.0	0.43	0.22	2
893	0.53	0.46	0.54	0.37	0.5	0.0	0.51	0.3	1
894	0.41	0.41	0.43	0.61	0.5	0.0	0.53	0.22	0
895	0.58	0.31	0.6	0.12	0.5	0.0	0.47	0.33	1
896	0.49	0.67	0.5	0.28	0.5	0.0	0.43	0.22	1
897	0.44	0.33	0.55	0.16	0.5	0.0	0.49	0.22	1
898	0.44	0.45	0.53	0.19	0.5	0.0	0.41	0.28	1
899	0.57	0.55	0.52	0.16	0.5	0.0	0.49	0.39	1
900	0.45	0.66	0.39	0.11	0.5	0.0	0.54	0.22	6
901	0.32	0.49	0.53	0.28	0.5	0.0	0.5	0.5	1
902	0.35	0.42	0.56	0.28	0.5	0.0	0.47	0.22	1
903	0.46	0.41	0.58	0.1	0.5	0.0	0.48	0.22	1
904	0.57	0.51	0.58	0.22	0.5	0.0	0.51	0.22	1
905	0.47	0.47	0.54	0.19	0.5	0.0	0.51	0.33	1
906	0.34	0.58	0.5	0.26	0.5	0.0	0.51	0.22	1
907	0.55	0.45	0.58	0.25	0.5	0.0	0.49	0.22	1
908	0.4	0.66	0.34	0.21	0.5	0.0	0.52	0.26	1
909	0.42	0.21	0.59	0.3	0.5	0.0	0.47	0.27	1
910	0.6	0.48	0.46	0.32	0.5	0.0	0.4	0.33	2
911	0.64	0.44	0.51	0.35	0.5	0.0	0.53	0.22	2
912	0.35	0.4	0.44	0.25	0.5	0.0	0.53	0.57	1
913	0.55	0.38	0.64	0.42	0.5	0.0	0.47	0.22	0
914	0.45	0.43	0.5	0.25	0.5	0.0	0.47	0.22	0
915	0.47	0.53	0.48	0.51	0.5	0.0	0.54	0.22	0
916	0.45	0.49	0.57	0.25	0.5	0.0	0.48	0.22	1
917	0.45	0.52	0.5	0.12	0.5	0.0	0.6	0.22	2
918	0.56	0.51	0.32	0.49	0.5	0.0	0.48	0.22	1
919	0.37	0.58	0.5	0.22	0.5	0.0	0.47	0.22	1
920	0.47	0.45	0.51	0.33	0.5	0.0	0.46	0.26	1
921	0.5	0.36	0.64	0.37	0.5	0.0	0.37	0.33	1
922	0.43	0.44	0.64	0.19	0.5	0.0	0.38	0.33	1
923	0.38	0.4	0.59	0.25	0.5	0.0	0.44	0.22	2
924	0.39	0.39	0.59	0.25	0.5	0.0	0.45	0.22	2
925	0.54	0.55	0.56	0.14	0.5	0.0	0.5	0.25	2
926	0.45	0.5	0.57	0.29	0.5	0.0	0.44	0.11	2
927	0.45	0.5	0.57	0.29	0.5	0.0	0.44	0.11	2
928	0.61	0.38	0.57	0.36	0.5	0.0	0.44	0.21	2
929	0.61	0.38	0.57	0.36	0.5	0.0	0.44	0.21	2
930	0.43	0.33	0.54	0.37	0.5	0.0	0.38	0.16	2
931	0.43	0.33	0.54	0.37	0.5	0.0	0.38	0.16	2
932	0.51	0.39	0.58	0.19	0.5	0.0	0.47	0.22	2
933	0.72	0.51	0.52	0.08	0.5	0.0	0.54	0.22	1
934	0.35	0.41	0.53	0.27	0.5	0.0	0.47	0.29	1
935	0.56	0.49	0.54	0.15	0.5	0.0	0.5	0.35	1
936	0.57	0.37	0.43	0.27	0.5	0.0	0.53	0.28	1
937	0.57	0.49	0.61	0.26	0.5	0.0	0.52	0.22	1
938	0.48	0.45	0.63	0.19	0.5	0.0	0.58	0.22	1
939	0.34	0.48	0.47	0.19	0.5	0.0	0.5	0.3	1
940	0.54	0.57	0.55	0.18	0.5	0.0	0.5	0.22	1
941	0.38	0.44	0.55	0.44	0.5	0.0	0.47	0.51	1
942	0.4	0.3	0.57	0.13	0.5	0.0	0.46	0.22	1
943	0.27	0.31	0.55	0.13	0.5	0.0	0.5	0.22	1
944	0.52	0.46	0.56	0.25	0.5	0.0	0.52	0.22	1
945	0.44	0.5	0.55	0.24	0.5	0.0	0.48	0.22	1
946	0.34	0.47	0.48	0.32	0.5	0.0	0.42	0.22	1
947	0.5	0.56	0.63	0.25	0.5	0.0	0.42	0.22	1
948	0.46	0.53	0.47	0.37	0.5	0.0	0.51	0.36	1
949	0.31	0.6	0.65	0.18	0.5	0.0	0.46	0.22	1
950	0.57	0.42	0.63	0.22	0.5	0.0	0.68	0.32	1
951	0.37	0.45	0.53	0.14	0.5	0.0	0.49	0.22	1
952	0.38	0.38	0.54	0.24	0.5	0.0	0.54	0.22	1
953	0.36	0.49	0.55	0.21	0.5	0.0	0.55	0.33	1
954	0.29	0.4	0.5	0.16	0.5	0.0	0.51	0.34	1
955	0.37	0.3	0.51	0.15	0.5	0.0	0.58	0.26	1
956	0.35	0.33	0.48	0.42	0.5	0.0	0.47	0.43	2
957	0.46	0.35	0.69	0.18	0.5	0.0	0.3	0.25	2
958	0.46	0.35	0.69	0.18	0.5	0.0	0.3	0.25	2
959	0.57	0.43	0.52	0.3	0.5	0.0	0.37	0.11	2
960	0.57	0.43	0.52	0.3	0.5	0.0	0.37	0.11	2
961	0.59	0.51	0.48	0.12	0.5	0.0	0.54	0.31	2
962	0.59	0.51	0.48	0.12	0.5	0.0	0.54	0.31	2
963	0.61	0.53	0.59	0.17	0.5	0.0	0.44	0.28	2
964	0.61	0.48	0.56	0.19	0.5	0.0	0.53	0.31	2
965	0.61	0.48	0.56	0.19	0.5	0.0	0.53	0.31	2
966	0.44	0.56	0.52	0.18	0.5	0.0	0.5	0.11	2
967	0.36	0.56	0.52	0.18	0.5	0.0	0.45	0.16	2
968	0.37	0.44	0.64	0.48	0.5	0.0	0.36	0.27	2
969	0.72	0.37	0.63	0.38	0.5	0.0	0.4	0.14	2
970	0.72	0.37	0.63	0.38	0.5	0.0	0.4	0.14	2
971	0.44	0.36	0.64	0.45	0.5	0.0	0.53	0.11	2
972	0.58	0.45	0.55	0.27	0.5	0.0	0.48	0.11	2
973	0.63	0.64	0.45	0.26	0.5	0.0	0.43	0.22	2
974	0.63	0.64	0.45	0.26	0.5	0.0	0.43	0.22	2
975	0.43	0.33	0.67	0.12	0.5	0.0	0.45	0.23	2
976	0.43	0.33	0.67	0.12	0.5	0.0	0.43	0.23	2
977	0.58	0.44	0.5	0.26	0.5	0.0	0.52	0.22	2
978	0.38	0.43	0.53	0.22	0.5	0.0	0.48	0.11	2
979	0.4	0.45	0.61	0.29	0.5	0.0	0.44	0.22	2
980	0.4	0.45	0.61	0.29	0.5	0.0	0.44	0.22	2
981	0.34	0.34	0.65	0.4	0.5	0.0	0.32	0.16	2
982	0.34	0.34	0.65	0.4	0.5	0.0	0.32	0.16	2
983	0.43	0.22	0.79	0.79	0.5	0.0	0.22	0.0	2
984	0.35	0.21	1.0	0.8	0.5	0.0	0.13	0.01	2
985	0.35	0.21	1.0	0.8	0.5	0.0	0.13	0.01	2
986	0.56	0.35	0.47	0.41	0.5	0.0	0.5	0.22	2
987	0.56	0.35	0.47	0.35	0.5	0.0	0.52	0.22	2
988	0.54	0.44	0.55	0.48	0.5	0.0	0.47	0.22	2
989	0.35	0.39	0.56	0.2	0.5	0.0	0.49	0.41	2
990	0.48	0.46	0.58	0.16	0.5	0.0	0.45	0.22	2
991	0.48	0.55	0.48	0.1	0.5	0.0	0.55	0.22	2
992	0.66	0.6	0.52	0.19	0.5	0.0	0.69	0.22	2
993	0.69	0.54	0.55	0.23	0.5	0.0	0.73	0.22	2
994	0.73	0.6	0.47	0.2	0.5	0.0	0.72	0.22	2
995	0.78	0.82	0.56	0.21	0.5	0.0	0.69	0.22	2
996	0.42	0.49	0.49	0.36	0.5	0.0	0.57	0.26	0
997	0.44	0.62	0.53	0.27	0.5	0.0	0.49	0.22	1
998	0.56	0.61	0.52	0.19	0.5	0.0	0.52	0.32	1
999	0.47	0.56	0.46	0.5	0.5	0.0	0.51	0.22	0
1000	0.46	0.33	0.45	0.22	0.5	0.0	0.41	0.37	2
1001	0.52	0.43	0.61	0.22	0.5	0.0	0.45	0.22	2
1002	0.52	0.43	0.61	0.22	0.5	0.0	0.45	0.22	2
1003	0.32	0.44	0.54	0.21	0.5	0.0	0.4	0.19	2
1004	0.32	0.44	0.54	0.21	0.5	0.0	0.4	0.19	2
1005	0.48	0.41	0.52	0.33	0.5	0.0	0.51	0.26	2
1006	0.46	0.39	0.54	0.22	0.5	0.0	0.48	0.25	2
1007	0.46	0.39	0.54	0.22	0.5	0.0	0.48	0.25	2
1008	0.42	0.5	0.64	0.13	0.5	0.0	0.49	0.22	2
1009	0.46	0.54	0.59	0.41	0.5	0.0	0.53	0.21	2
1010	0.46	0.54	0.59	0.41	0.5	0.0	0.53	0.21	2
1011	0.39	0.65	0.57	0.19	0.5	0.0	0.44	0.25	2
1012	0.39	0.65	0.57	0.19	0.5	0.0	0.43	0.25	2
1013	0.38	0.5	0.52	0.44	0.5	0.0	0.54	0.11	2
1014	0.38	0.5	0.52	0.44	0.5	0.0	0.54	0.11	2
1015	0.51	0.52	0.58	0.17	0.5	0.0	0.47	0.28	2
1016	0.57	0.48	0.54	0.22	0.5	0.0	0.5	0.11	2
1017	0.5	0.5	0.62	0.23	0.5	0.0	0.35	0.11	2
1018	0.41	0.49	0.65	0.28	0.5	0.0	0.59	0.57	2
1019	0.53	0.57	0.6	0.36	0.5	0.0	0.5	0.22	2
1020	0.53	0.57	0.6	0.36	0.5	0.0	0.5	0.22	2
1021	0.37	0.3	0.62	0.43	0.5	0.0	0.44	0.39	2
1022	0.37	0.3	0.62	0.43	0.5	0.0	0.44	0.39	2
1023	0.6	0.57	0.52	0.14	0.5	0.0	0.46	0.48	1
1024	0.42	0.38	0.52	0.29	0.5	0.0	0.42	0.22	1
1025	0.41	0.46	0.58	0.08	0.5	0.0	0.51	0.28	1
1026	0.49	0.4	0.58	0.23	0.5	0.0	0.47	0.27	2
1027	0.37	0.37	0.51	0.38	0.5	0.0	0.44	0.22	2
1028	0.57	0.5	0.4	0.08	0.5	0.0	0.47	0.22	6
1029	0.51	0.4	0.5	0.28	0.5	0.0	0.48	0.27	2
1030	0.34	0.25	0.55	0.28	0.5	0.0	0.51	0.49	2
1031	0.77	0.86	0.44	0.27	0.5	0.0	0.48	0.22	3
1032	0.59	0.54	0.53	0.14	0.5	0.0	0.48	0.22	2
1033	0.5	0.48	0.48	0.23	0.5	0.0	0.53	0.68	2
1034	0.39	1.0	0.38	0.41	0.5	0.0	0.5	0.27	0
1035	0.56	0.42	0.52	0.14	0.5	0.0	0.51	0.22	2
1036	0.39	0.46	0.33	0.18	0.5	0.0	0.53	0.22	6
1037	0.52	0.54	0.47	0.49	0.5	0.0	0.54	0.22	0
1038	0.46	0.49	0.55	0.18	0.5	0.0	0.56	0.22	1
1039	0.56	0.65	0.49	0.56	0.5	0.0	0.49	0.22	0
1040	0.53	0.51	0.55	0.57	0.5	0.0	0.46	0.22	0
1041	0.54	0.64	0.4	0.56	0.5	0.0	0.51	0.22	0
1042	0.47	0.58	0.47	0.52	0.5	0.0	0.54	0.22	0
1043	0.46	0.42	0.51	0.16	0.5	0.0	0.56	0.22	2
1044	0.6	0.51	0.49	0.18	0.5	0.0	0.53	0.38	2
1045	0.85	0.66	0.49	0.18	0.5	0.0	0.51	0.22	3
1046	0.55	0.52	0.44	0.2	0.5	0.0	0.56	0.22	5
1047	0.49	0.38	0.56	0.09	0.5	0.0	0.46	0.22	2
1048	0.38	0.4	0.53	0.12	0.5	0.0	0.55	0.22	2
1049	0.55	0.55	0.52	0.13	0.5	0.0	0.53	0.25	2
1050	0.46	0.44	0.58	0.17	0.5	0.0	0.55	0.22	2
1051	0.34	0.46	0.52	0.19	0.5	0.0	0.53	0.26	2
1052	0.58	0.56	0.46	0.14	0.5	0.0	0.51	0.22	2
1053	0.46	0.47	0.44	0.18	1.0	0.0	0.46	0.22	5
1054	0.44	0.71	0.5	0.21	0.5	0.0	0.54	0.27	2
1055	0.56	0.49	0.32	0.22	0.5	0.0	0.5	0.22	5
1056	0.41	0.49	0.47	0.09	0.5	0.0	0.49	0.22	2
1057	0.44	0.51	0.53	0.3	0.5	0.0	0.53	0.22	2
1058	0.54	0.51	0.56	0.15	0.5	0.0	0.54	0.31	2
1059	0.51	0.51	0.32	0.27	0.5	0.0	0.54	0.22	6
1060	0.46	0.38	0.51	0.2	0.5	0.0	0.51	0.22	2
1061	0.55	0.72	0.35	0.26	0.5	0.0	0.49	0.22	6
1062	0.54	0.44	0.35	0.19	0.5	0.0	0.51	0.27	6
1063	0.65	0.66	0.37	0.12	0.5	0.0	0.52	0.27	6
1064	0.41	0.4	0.56	0.17	0.5	0.0	0.56	0.22	2
1065	0.39	0.71	0.38	0.14	0.5	0.0	0.5	0.22	5
1066	0.37	0.42	0.46	0.15	0.5	0.0	0.51	0.31	5
1067	0.59	0.55	0.57	0.18	0.5	0.0	0.51	0.22	2
1068	0.48	0.51	0.5	0.24	0.5	0.0	0.54	0.38	2
1069	0.39	0.3	0.63	0.2	0.5	0.0	0.43	0.47	2
1070	0.47	0.52	0.54	0.25	0.5	0.0	0.54	0.29	0
1071	0.77	0.82	0.4	0.36	0.5	0.0	0.38	0.22	3
1072	0.52	0.55	0.39	0.09	1.0	0.0	0.55	0.25	6
1073	0.42	0.28	0.33	0.23	0.5	0.0	0.39	0.26	6
1074	0.47	0.37	0.46	0.28	0.5	0.0	0.52	0.99	1
1075	0.48	0.5	0.47	0.29	0.5	0.0	0.46	0.27	1
1076	0.3	0.33	0.55	0.12	0.5	0.0	0.53	0.38	2
1077	0.49	0.49	0.52	0.18	0.5	0.0	0.51	0.25	1
1078	0.54	0.59	0.57	0.34	0.5	0.0	0.49	0.22	1
1079	0.7	0.78	0.53	0.24	0.5	0.0	0.48	0.22	7
1080	0.85	0.69	0.34	0.31	0.5	0.0	0.57	0.3	3
1081	0.56	0.59	0.45	0.15	0.5	0.0	0.54	0.22	0
1082	0.47	0.56	0.53	0.44	0.5	0.0	0.53	0.22	0
1083	0.53	0.49	0.47	0.21	0.5	0.0	0.53	0.22	2
1084	0.7	0.57	0.34	0.19	0.5	0.0	0.53	0.27	5
1085	0.42	0.43	0.67	0.7	0.5	0.0	0.42	0.25	2
1086	0.47	0.44	0.53	0.18	0.5	0.0	0.47	0.29	1
1087	0.4	0.49	0.53	0.23	0.5	0.0	0.44	0.26	1
1088	0.45	0.65	0.51	0.17	0.5	0.0	0.49	0.22	1
1089	0.42	0.42	0.55	0.31	0.5	0.0	0.43	0.22	1
1090	0.45	0.41	0.53	0.49	0.5	0.0	0.49	0.31	1
1091	0.42	0.28	0.49	0.22	0.5	0.0	0.55	0.34	1
1092	0.47	0.5	0.47	0.22	0.5	0.0	0.53	0.45	1
1093	0.33	0.42	0.55	0.23	0.5	0.0	0.52	0.43	1
1094	0.56	0.55	0.57	0.15	0.5	0.0	0.54	0.25	2
1095	0.37	0.47	0.49	0.12	0.5	0.0	0.47	0.31	1
1096	0.32	0.6	0.48	0.13	0.5	0.0	0.53	0.22	1
1097	0.38	0.42	0.31	0.35	0.5	0.0	0.52	0.22	6
1098	0.46	0.56	0.56	0.25	0.5	0.0	0.43	0.22	1
1099	0.47	0.55	0.57	0.17	0.5	0.0	0.52	0.66	1
1100	0.37	0.55	0.52	0.13	0.5	0.0	0.42	0.8	2
1101	0.46	0.48	0.38	0.22	0.5	0.0	0.39	0.45	6
1102	0.8	0.69	0.53	0.33	0.5	0.0	0.51	0.22	5
1103	0.52	0.65	0.36	0.37	0.5	0.0	0.52	0.34	6
1104	0.19	0.16	0.68	0.36	0.5	0.0	0.49	0.21	1
1105	0.64	0.31	0.53	0.15	0.5	0.0	0.53	0.31	2
1106	0.4	0.43	0.36	0.33	0.5	0.0	0.51	0.22	6
1107	0.47	0.56	0.51	0.2	0.5	0.0	0.52	0.59	1
1108	0.4	0.75	0.44	0.12	0.5	0.0	0.49	0.22	1
1109	0.48	0.55	0.58	0.18	0.5	0.0	0.38	0.69	1
1110	0.57	0.51	0.34	0.13	0.5	0.0	0.53	0.27	0
1111	0.23	0.37	0.32	0.13	0.5	0.0	0.53	0.22	0
1112	0.54	0.5	0.51	0.26	0.5	0.0	0.52	0.22	2
1113	0.6	0.64	0.56	0.36	0.5	0.0	0.46	0.27	2
1114	0.27	0.41	0.24	0.2	0.5	0.0	0.49	0.22	6
1115	0.25	0.35	0.22	0.18	0.5	0.0	0.46	0.22	6
1116	0.39	0.45	0.51	0.29	0.5	0.0	0.54	0.22	2
1117	0.33	0.47	0.55	0.24	0.5	0.0	0.45	0.67	1
1118	0.37	0.4	0.38	0.18	0.5	0.0	0.51	0.22	6
1119	0.43	0.47	0.47	0.18	0.5	0.0	0.47	0.22	2
1120	0.66	0.43	0.57	0.6	0.5	0.0	0.19	0.33	1
1121	0.55	0.4	0.62	0.22	0.5	0.0	0.37	0.28	1
1122	0.33	0.46	0.6	0.18	0.5	0.0	0.51	0.26	1
1123	0.51	0.5	0.54	0.11	0.5	0.0	0.6	0.22	1
1124	0.54	0.6	0.57	0.17	0.5	0.0	0.44	0.22	1
1125	0.45	0.57	0.38	0.28	0.5	0.0	0.53	0.31	6
1126	0.55	0.57	0.51	0.07	0.5	0.0	0.55	0.22	2
1127	0.54	0.47	0.58	0.4	0.5	0.0	0.46	0.27	0
1128	0.36	0.32	0.55	0.27	0.5	0.0	0.47	0.43	1
1129	0.46	0.41	0.45	0.23	0.5	0.0	0.48	0.22	1
1130	0.4	0.39	0.6	0.23	0.5	0.0	0.52	0.31	1
1131	0.52	0.47	0.58	0.18	0.5	0.0	0.34	0.11	2
1132	0.52	0.47	0.58	0.18	0.5	0.0	0.34	0.11	2
1133	0.5	0.45	0.51	0.19	0.5	0.0	0.53	0.25	2
1134	0.57	0.55	0.51	0.18	0.5	0.0	0.51	0.43	1
1135	0.44	0.43	0.46	0.28	0.5	0.0	0.45	0.29	1
1136	0.46	0.5	0.5	0.28	0.5	0.0	0.5	0.37	1
1137	0.66	0.65	0.54	0.4	0.5	0.0	0.51	0.22	4
1138	0.77	0.73	0.49	0.46	0.5	0.0	0.38	0.22	4
1139	0.38	0.58	0.46	0.21	0.5	0.0	0.52	0.22	1
1140	0.32	0.68	0.51	0.16	0.5	0.83	0.55	0.22	8
1141	0.27	0.46	0.52	0.17	0.5	0.0	0.49	0.44	1
1142	0.52	0.45	0.45	0.13	0.5	0.0	0.48	0.22	1
1143	0.37	0.29	0.45	0.15	0.5	0.0	0.49	0.22	1
1144	0.37	0.48	0.67	0.37	0.5	0.0	0.56	0.62	1
1145	0.44	0.59	0.54	0.18	0.5	0.0	0.49	0.22	1
1146	0.48	0.65	0.36	0.24	0.5	0.0	0.54	0.31	1
1147	0.59	0.49	0.45	0.22	0.5	0.0	0.45	0.31	1
1148	0.73	0.52	0.59	0.25	0.5	0.0	0.51	0.22	1
1149	0.5	0.43	0.5	0.17	0.5	0.0	0.46	0.47	1
1150	0.23	0.13	0.51	0.16	0.5	0.0	0.53	0.51	1
1151	0.49	0.6	0.54	0.35	0.5	0.0	0.53	0.46	1
1152	0.52	0.31	0.56	0.16	0.5	0.0	0.55	0.22	1
1153	0.49	0.48	0.51	0.21	0.5	0.0	0.53	0.22	1
1154	0.49	0.6	0.42	0.18	0.5	0.0	0.58	0.28	1
1155	0.6	0.62	0.54	0.11	0.5	0.0	0.51	0.22	1
1156	0.55	0.47	0.53	0.2	0.5	0.0	0.4	0.22	1
1157	0.47	0.32	0.51	0.24	0.5	0.0	0.54	0.27	1
1158	0.53	0.25	0.59	0.27	0.5	0.0	0.45	0.26	1
1159	0.31	0.5	0.54	0.32	0.5	0.0	0.53	0.31	1
1160	0.25	0.33	0.48	0.18	0.5	0.0	0.42	0.33	1
1161	0.55	0.46	0.47	0.15	0.5	0.0	0.47	0.22	6
1162	0.61	0.5	0.61	0.21	0.5	0.0	0.55	0.54	2
1163	0.5	0.52	0.51	0.22	0.5	0.0	0.46	0.37	2
1164	0.62	0.33	0.49	0.24	0.5	0.0	0.51	0.42	2
1165	0.56	0.52	0.46	0.17	0.5	0.0	0.49	0.73	2
1166	0.52	0.56	0.55	0.16	0.5	0.0	0.53	0.39	2
1167	0.53	0.48	0.51	0.18	0.5	0.0	0.52	0.27	2
1168	0.51	0.48	0.51	0.19	0.5	0.0	0.51	0.27	2
1169	0.51	0.48	0.51	0.26	0.5	0.0	0.51	0.27	2
1170	0.53	0.48	0.51	0.18	0.5	0.0	0.51	0.27	2
1171	0.6	0.46	0.51	0.1	0.5	0.0	0.48	0.31	2
1172	0.6	0.46	0.51	0.1	0.5	0.0	0.48	0.31	2
1173	0.44	0.39	0.63	0.11	0.5	0.0	0.49	0.26	1
1174	0.51	0.5	0.49	0.45	0.5	0.0	0.48	0.22	0
1175	0.45	0.45	0.51	0.3	0.5	0.0	0.48	0.44	2
1176	0.38	0.42	0.47	0.12	0.5	0.0	0.47	0.53	1
1177	0.19	0.66	0.6	0.14	0.5	0.0	0.2	0.25	1
1178	0.41	0.42	0.23	0.16	0.5	0.0	0.4	0.22	6
1179	0.25	0.42	0.21	0.14	0.5	0.0	0.41	0.22	6
1180	0.7	0.58	0.53	0.39	0.5	0.0	0.59	0.22	4
1181	0.49	0.31	0.43	0.24	0.5	0.0	0.54	0.22	6
1182	0.46	0.41	0.43	0.18	0.5	0.0	0.54	0.22	6
1183	0.83	0.81	0.45	0.38	0.5	0.0	0.4	0.26	4
1184	0.38	0.51	0.56	0.21	0.5	0.0	0.48	0.31	1
1185	0.32	0.36	0.28	0.38	0.5	0.0	0.5	0.4	6
1186	0.4	0.65	0.38	0.17	0.5	0.0	0.57	0.22	6
1187	0.36	0.37	0.63	0.25	0.5	0.0	0.3	0.22	2
1188	0.49	0.55	0.41	0.19	0.5	0.0	0.48	0.31	6
1189	0.3	0.45	0.55	0.19	0.5	0.0	0.53	0.4	2
1190	0.88	0.72	0.32	0.3	0.5	0.0	0.52	0.33	3
1191	0.44	0.4	0.53	0.19	0.5	0.0	0.48	0.27	2
1192	0.45	0.57	0.52	0.21	0.5	0.0	0.54	0.38	1
1193	0.46	0.61	0.38	0.35	0.5	0.0	0.49	0.22	6
1194	0.55	0.41	0.67	0.61	0.5	0.0	0.49	0.14	0
1195	0.28	0.18	0.72	0.26	0.5	0.0	0.49	0.25	0
1196	0.66	0.65	0.53	0.17	0.5	0.0	0.47	0.66	1
1197	0.36	0.5	0.39	0.23	0.5	0.0	0.5	0.22	6
1198	0.48	0.54	0.56	0.29	0.5	0.0	0.51	0.43	1
1199	0.33	0.37	0.49	0.22	0.5	0.0	0.55	0.22	2
1200	0.58	0.43	0.32	0.11	0.5	0.0	0.49	0.22	7
1201	0.58	0.64	0.42	0.3	0.5	0.0	0.54	0.22	1
1202	0.74	0.82	0.46	0.24	0.5	0.0	0.5	0.31	4
1203	0.74	0.82	0.46	0.24	0.5	0.0	0.48	0.22	4
1204	0.75	0.76	0.58	0.22	0.5	0.0	0.49	0.22	4
1205	0.58	0.37	0.58	0.16	0.5	0.0	0.51	0.22	1
1206	0.39	0.39	0.65	0.16	0.5	0.0	0.45	0.22	2
1207	0.51	0.59	0.55	0.21	0.5	0.0	0.52	0.22	2
1208	0.41	0.35	0.6	0.22	0.5	0.0	0.56	0.79	2
1209	0.43	0.28	0.41	0.32	0.5	0.0	0.52	0.22	6
1210	0.41	0.49	0.55	0.13	0.5	0.0	0.55	0.22	2
1211	0.23	0.29	0.46	0.0	0.5	0.0	0.43	0.31	2
1212	0.25	0.48	0.45	0.32	0.5	0.0	0.4	0.22	2
1213	0.38	0.34	0.55	0.44	0.5	0.0	0.48	0.26	2
1214	0.61	0.54	0.54	0.38	0.5	0.0	0.54	0.29	0
1215	0.48	0.17	0.37	0.33	0.5	0.0	0.44	0.36	1
1216	0.47	0.47	0.5	0.19	0.5	0.0	0.51	0.26	1
1217	0.55	0.38	0.52	0.16	0.5	0.0	0.49	0.64	1
1218	0.41	0.39	0.61	0.17	0.5	0.0	0.5	0.61	1
1219	0.41	0.56	0.53	0.16	0.5	0.0	0.55	0.26	1
1220	0.78	0.73	0.27	0.28	0.5	0.0	0.56	0.22	3
1221	0.31	0.51	0.38	0.18	0.5	0.0	0.46	0.31	6
1222	0.63	0.64	0.49	0.2	0.5	0.0	0.52	0.25	2
1223	0.31	0.4	0.31	0.17	0.5	0.0	0.52	0.22	6
1224	0.44	0.65	0.49	0.16	0.5	0.0	0.48	0.31	1
1225	0.48	0.44	0.46	0.37	0.5	0.0	0.46	0.36	2
1226	0.5	0.49	0.46	0.22	0.5	0.0	0.53	0.25	2
1227	0.62	0.42	0.47	0.16	0.5	0.0	0.52	0.22	2
1228	0.5	0.45	0.52	0.18	0.5	0.0	0.52	0.22	2
1229	0.59	0.51	0.47	0.21	0.5	0.0	0.47	0.22	2
1230	0.39	0.47	0.49	0.2	0.5	0.0	0.53	0.26	2
1231	0.49	0.48	0.52	0.24	0.5	0.0	0.5	0.22	2
1232	0.59	0.48	0.49	0.42	0.5	0.0	0.52	0.22	2
1233	0.57	0.35	0.5	0.43	0.5	0.0	0.53	0.22	2
1234	0.61	0.52	0.5	0.44	0.5	0.0	0.53	0.22	2
1235	0.49	0.51	0.52	0.13	0.5	0.0	0.51	0.33	1
1236	0.45	0.4	0.56	0.15	0.5	0.0	0.52	0.22	1
1237	0.63	0.43	0.48	0.11	0.5	0.0	0.51	0.22	2
1238	0.63	0.43	0.48	0.11	0.5	0.0	0.51	0.22	2
1239	0.52	0.45	0.53	0.34	0.5	0.0	0.52	0.44	2
1240	0.54	0.48	0.55	0.33	0.5	0.0	0.55	0.4	2
1241	0.55	0.79	0.45	0.25	0.5	0.0	0.51	0.22	1
1242	0.58	0.51	0.63	0.2	0.5	0.0	0.5	0.42	1
1243	0.63	0.58	0.57	0.1	0.5	0.0	0.52	0.33	1
1244	0.54	0.67	0.56	0.15	0.5	0.0	0.57	0.33	1
1245	0.41	0.59	0.65	0.14	0.5	0.0	0.49	0.33	1
1246	0.47	0.38	0.5	0.15	0.5	0.0	0.49	0.47	1
1247	0.33	0.17	0.52	0.13	0.5	0.0	0.51	0.75	1
1248	0.42	0.5	0.59	0.17	0.5	0.0	0.51	0.22	2
1249	0.54	0.55	0.55	0.4	0.5	0.0	0.53	0.22	2
1250	0.31	0.31	0.57	0.15	0.5	0.0	0.5	0.22	2
1251	0.38	0.42	0.5	0.19	0.5	0.0	0.44	0.22	2
1252	0.33	0.36	0.62	0.26	0.5	0.0	0.55	0.22	2
1253	0.38	0.42	0.5	0.19	0.5	0.0	0.44	0.22	2
1254	0.47	0.56	0.58	0.19	0.5	0.0	0.44	0.64	2
1255	0.32	0.32	0.52	0.18	0.5	0.0	0.48	0.34	2
1256	0.28	0.27	0.5	0.14	0.5	0.0	0.5	0.28	2
1257	0.41	0.46	0.57	0.25	0.5	0.0	0.57	0.38	2
1258	0.44	0.54	0.51	0.16	0.5	0.0	0.58	0.22	2
1259	0.44	0.55	0.51	0.16	0.5	0.0	0.6	0.22	2
1260	0.77	0.7	0.44	0.29	0.5	0.0	0.56	0.22	3
1261	0.4	0.56	0.53	0.15	0.5	0.0	0.49	0.22	2
1262	0.79	0.79	0.42	0.26	0.5	0.0	0.6	0.22	3
1263	0.8	0.83	0.43	0.24	0.5	0.0	0.54	0.22	3
1264	0.58	0.55	0.51	0.13	0.5	0.0	0.52	0.22	2
1265	0.55	0.69	0.51	0.12	0.5	0.0	0.51	0.22	2
1266	0.47	0.46	0.53	0.12	0.5	0.0	0.51	0.25	1
1267	0.57	0.29	0.63	0.22	0.5	0.0	0.49	0.27	1
1268	0.52	0.49	0.59	0.21	0.5	0.0	0.47	0.22	1
1269	0.41	0.42	0.53	0.17	0.5	0.0	0.48	0.58	1
1270	0.45	0.36	0.5	0.19	0.5	0.0	0.53	0.7	1
1271	0.53	0.51	0.54	0.21	0.5	0.0	0.45	0.22	1
1272	0.49	0.5	0.42	0.43	0.5	0.0	0.5	0.36	7
1273	0.44	0.49	0.49	0.27	0.5	0.0	0.52	0.22	2
1274	0.25	0.26	0.53	0.17	0.5	0.0	0.45	0.22	2
1275	0.49	0.46	0.54	0.18	0.5	0.0	0.35	0.22	2
1276	0.42	0.37	0.54	0.17	0.5	0.0	0.51	0.22	2
1277	0.42	0.45	0.75	0.21	0.5	0.0	0.48	0.22	2
1278	0.39	0.45	0.75	0.17	0.5	0.0	0.51	0.22	2
1279	0.63	0.54	0.53	0.27	0.5	0.0	0.49	0.22	2
1280	0.54	0.43	0.48	0.27	0.5	0.0	0.44	0.41	2
1281	0.4	0.44	0.5	0.13	0.5	0.0	0.52	0.39	2
1282	0.55	0.39	0.39	0.47	0.5	0.0	0.5	0.83	6
1283	0.59	0.48	0.41	0.53	0.5	0.0	0.48	0.56	6
1284	0.49	0.38	0.49	0.15	0.5	0.0	0.53	0.25	1
1285	0.53	0.45	0.52	0.29	0.5	0.0	0.55	0.38	0
1286	0.62	0.6	0.54	0.22	0.5	0.0	0.54	0.27	2
1287	0.33	0.46	0.53	0.12	0.5	0.0	0.5	0.27	2
1288	0.57	0.36	0.51	0.25	0.5	0.0	0.54	0.25	2
1289	0.45	0.76	0.51	0.25	0.5	0.0	0.59	0.22	2
1290	0.48	0.44	0.51	0.24	0.5	0.0	0.49	0.22	2
1291	0.59	0.64	0.44	0.26	0.5	0.0	0.5	0.22	2
1292	0.79	0.56	0.53	0.19	0.5	0.0	0.47	0.35	2
1293	0.5	0.5	0.48	0.34	0.5	0.0	0.52	0.27	1
1294	0.79	0.62	0.35	0.35	0.5	0.0	0.6	0.28	5
1295	0.52	0.5	0.6	0.2	0.5	0.0	0.52	0.22	2
1296	0.59	0.46	0.57	0.17	0.5	0.0	0.52	0.22	2
1297	0.53	0.42	0.53	0.19	0.5	0.0	0.47	0.22	2
1298	0.59	0.46	0.55	0.17	0.5	0.0	0.52	0.25	2
1299	0.61	0.73	0.5	0.58	0.5	0.0	0.5	0.22	0
1300	0.5	0.43	0.56	0.17	0.5	0.0	0.35	0.22	1
1301	0.36	0.52	0.61	0.33	0.5	0.0	0.52	0.37	1
1302	0.66	0.54	0.53	0.17	0.5	0.0	0.54	0.22	2
1303	0.52	0.51	0.48	0.12	0.5	0.0	0.54	0.31	2
1304	0.56	0.46	0.51	0.25	0.5	0.0	0.54	0.22	2
1305	0.47	0.46	0.49	0.27	0.5	0.0	0.59	0.22	2
1306	0.5	0.46	0.49	0.27	0.5	0.0	0.6	0.22	2
1307	0.43	0.48	0.36	0.26	0.5	0.0	0.52	0.22	6
1308	0.5	0.44	0.57	0.28	0.5	0.0	0.57	0.22	2
1309	0.46	0.47	0.62	0.3	0.5	0.0	0.38	0.22	2
1310	0.59	0.7	0.46	0.19	0.5	0.0	0.54	0.44	2
1311	0.19	0.41	0.55	0.13	0.5	0.0	0.52	0.25	2
1312	0.27	0.43	0.5	0.13	0.5	0.0	0.54	0.31	2
1313	0.42	0.46	0.44	0.17	0.5	0.0	0.51	0.42	2
1314	0.49	0.36	0.47	0.28	0.5	0.0	0.56	0.54	1
1315	0.42	0.51	0.33	0.16	0.5	0.0	0.54	0.22	6
1316	0.34	0.42	0.48	0.19	0.5	0.0	0.46	0.31	1
1317	0.6	0.57	0.63	0.22	0.5	0.0	0.5	0.49	1
1318	0.53	0.44	0.54	0.52	0.5	0.0	0.49	0.38	1
1319	0.48	0.39	0.56	0.23	0.5	0.0	0.6	0.22	2
1320	0.56	0.49	0.47	0.13	0.5	0.0	0.52	0.22	1
1321	0.47	0.59	0.56	0.09	0.5	0.0	0.5	0.22	2
1322	0.4	0.28	0.58	0.44	0.5	0.0	0.41	0.22	2
1323	0.54	0.35	0.55	0.19	0.5	0.0	0.3	0.22	2
1324	0.5	0.47	0.45	0.14	0.5	0.0	0.53	0.32	6
1325	0.55	0.49	0.6	0.18	0.5	0.0	0.51	0.22	1
1326	0.55	0.44	0.5	0.09	0.5	0.0	0.55	0.22	7
1327	0.66	0.37	0.6	0.25	0.5	0.0	0.69	0.22	0
1328	0.51	0.49	0.48	0.55	0.5	0.0	0.52	0.58	2
1329	0.36	0.51	0.51	0.17	0.5	0.0	0.52	0.22	7
1330	0.68	0.68	0.35	0.16	0.5	0.0	0.62	0.22	7
1331	0.44	0.35	0.55	0.14	0.5	0.0	0.52	0.22	7
1332	0.73	0.59	0.35	0.15	0.5	0.0	0.54	0.22	7
1333	0.6	0.37	0.52	0.15	0.5	0.0	0.55	0.26	7
1334	0.64	0.61	0.56	0.15	0.5	0.0	0.54	0.22	7
1335	0.48	0.58	0.58	0.12	0.5	0.0	0.49	0.22	7
1336	0.65	0.58	0.53	0.21	0.5	0.0	0.51	0.22	7
1337	0.48	0.49	0.49	0.26	0.5	0.0	0.39	0.27	7
1338	0.57	0.54	0.32	0.15	0.5	0.0	0.52	0.25	7
1339	0.4	0.36	0.32	0.16	0.5	0.0	0.51	0.27	7
1340	0.5	0.55	0.52	0.16	0.5	0.0	0.51	0.31	2
1341	0.65	0.63	0.47	0.22	0.5	0.0	0.52	0.27	2
1342	0.41	0.48	0.51	0.2	0.5	0.0	0.51	0.22	2
1343	0.25	0.4	0.54	0.16	0.5	0.0	0.43	0.22	2
1344	0.63	0.56	0.52	0.21	0.5	0.0	0.5	0.22	2
1345	0.56	0.68	0.42	0.36	0.5	0.0	0.49	0.22	2
1346	0.57	0.47	0.48	0.17	0.5	0.0	0.52	0.26	7
1347	0.46	0.52	0.51	0.13	0.5	0.0	0.47	0.22	2
1348	0.5	0.4	0.57	0.17	0.5	0.0	0.59	0.22	2
1349	0.78	0.71	0.35	0.25	0.5	0.0	0.49	0.22	3
1350	0.64	0.56	0.52	0.17	0.5	0.0	0.54	0.47	1
1351	1.0	0.8	0.29	0.36	0.5	0.0	0.52	0.22	3
1352	0.51	0.39	0.56	0.55	0.5	0.0	0.46	0.64	0
1353	0.69	0.66	0.36	0.09	0.5	0.0	0.56	0.22	3
1354	0.4	0.45	0.45	0.15	0.5	0.0	0.53	0.48	1
1355	0.49	0.53	0.36	0.15	0.5	0.0	0.52	0.27	6
1356	0.39	0.63	0.41	0.27	0.5	0.0	0.49	0.22	6
1357	0.45	0.51	0.43	0.22	0.5	0.0	0.57	0.22	1
1358	0.77	0.78	0.27	0.37	0.5	0.0	0.49	0.22	3
1359	0.88	0.75	0.41	0.36	0.5	0.0	0.43	0.22	5
1360	0.49	0.49	0.4	0.2	0.5	0.0	0.48	0.26	6
1361	0.57	0.53	0.6	0.28	0.5	0.0	0.52	0.45	1
1362	0.53	0.52	0.49	0.27	0.5	0.0	0.51	0.22	2
1363	0.5	0.47	0.56	0.31	0.5	0.0	0.56	0.26	2
1364	0.71	0.79	0.41	0.38	0.5	0.0	0.54	0.22	3
1365	0.33	0.49	0.46	0.22	0.5	0.0	0.53	0.33	6
1366	0.47	0.41	0.46	0.18	0.5	0.0	0.53	0.22	6
1367	0.45	0.39	0.46	0.29	0.5	0.0	0.42	0.22	0
1368	0.59	0.56	0.5	0.48	0.5	0.0	0.46	0.22	0
1369	0.32	0.3	0.57	0.38	0.5	0.0	0.5	0.25	1
1370	0.26	0.3	0.37	0.15	0.5	0.0	0.53	0.25	6
1371	0.28	0.41	0.46	0.18	0.5	0.0	0.47	0.39	1
1372	0.45	0.5	0.43	0.16	0.5	0.0	0.52	0.28	6
1373	0.24	0.25	0.57	0.28	0.5	0.0	0.51	0.11	2
1374	0.46	0.61	0.55	0.29	0.5	0.0	0.49	0.22	0
1375	0.54	0.44	0.38	0.22	0.5	0.0	0.54	0.3	6
1376	0.22	0.53	0.36	0.22	0.5	0.0	0.54	0.31	6
1377	0.25	0.41	0.47	0.14	0.5	0.0	0.56	0.68	1
1378	0.43	0.41	0.37	0.18	0.5	0.0	0.54	0.31	6
1379	0.4	0.44	0.47	0.25	0.5	0.0	0.54	0.56	1
1380	0.46	0.59	0.38	0.12	0.5	0.0	0.5	0.22	6
1381	0.8	0.82	0.4	0.31	0.5	0.0	0.57	0.25	3
1382	0.29	0.39	0.46	0.36	0.5	0.0	0.51	0.22	1
1383	0.4	0.4	0.43	0.19	0.5	0.83	0.48	0.22	8
1384	0.57	0.52	0.46	0.2	0.5	0.83	0.52	0.41	8
1385	0.43	0.6	0.4	0.12	0.5	0.0	0.49	0.29	6
1386	0.56	0.71	0.47	0.21	0.5	0.0	0.52	0.22	0
1387	0.65	0.62	0.26	0.33	0.5	0.0	0.55	0.22	6
1388	0.77	0.7	0.37	0.12	0.5	0.0	0.49	0.26	3
1389	0.47	0.61	0.32	0.27	0.5	0.0	0.5	0.3	6
1390	0.71	0.51	0.49	0.23	0.5	0.0	0.3	0.32	5
1391	0.59	0.48	0.49	0.49	0.5	0.0	0.36	0.32	2
1392	0.58	0.63	0.52	0.7	0.5	0.0	0.46	0.22	0
1393	0.3	0.68	0.41	0.17	0.5	0.0	0.51	0.22	6
1394	0.74	0.73	0.32	0.2	0.5	0.0	0.55	0.22	3
1395	0.55	0.35	0.36	0.29	0.5	0.0	0.51	0.22	6
1396	0.35	0.32	0.31	0.16	0.5	0.0	0.56	0.22	6
1397	0.67	0.61	0.39	0.24	0.5	0.0	0.51	0.22	6
1398	0.69	0.57	0.39	0.19	0.5	0.0	0.48	0.39	5
1399	0.47	0.41	0.53	0.27	0.5	0.0	0.47	0.25	0
1400	0.39	0.56	0.34	0.18	0.5	0.0	0.49	0.22	6
1401	0.51	0.38	0.42	0.21	0.5	0.0	0.46	0.34	6
1402	0.32	0.45	0.39	0.14	0.5	0.0	0.45	0.22	6
1403	0.75	0.73	0.35	0.33	0.5	0.0	0.49	0.28	3
1404	0.54	0.54	0.56	0.18	0.5	0.0	0.46	0.29	1
1405	0.71	0.64	0.42	0.28	0.5	0.0	0.43	0.22	4
1406	0.28	0.48	0.36	0.16	0.5	0.0	0.53	0.22	6
1407	0.58	0.44	0.45	0.32	0.5	0.0	0.52	0.37	1
1408	0.52	0.65	0.36	0.26	0.5	0.0	0.44	0.22	6
1409	0.64	0.44	0.56	0.15	0.5	0.0	0.56	0.22	2
1410	0.48	0.58	0.47	0.17	0.5	0.0	0.53	0.74	2
1411	0.42	0.71	0.45	0.15	0.5	0.0	0.48	0.22	6
1412	0.38	0.37	0.36	0.14	0.5	0.0	0.54	0.22	6
1413	0.4	0.4	0.44	0.37	0.5	0.0	0.53	0.25	1
1414	0.38	0.56	0.38	0.16	0.5	0.0	0.53	0.22	6
1415	0.8	0.79	0.43	0.25	0.5	0.0	0.52	0.22	4
1416	0.63	0.65	0.42	0.18	0.5	0.0	0.54	0.27	6
1417	0.47	0.4	0.63	0.19	0.5	0.0	0.52	0.32	1
1418	0.83	0.94	0.32	0.21	0.5	0.0	0.51	0.22	3
1419	0.61	0.76	0.3	0.16	0.5	0.0	0.45	0.41	6
1420	0.33	0.38	0.47	0.14	0.5	0.0	0.51	0.47	1
1421	0.38	0.67	0.33	0.17	0.5	0.0	0.51	0.22	6
1422	0.39	0.33	0.33	0.23	0.5	0.0	0.47	0.22	6
1423	0.5	0.63	0.45	0.13	0.5	0.0	0.45	0.32	6
1424	0.2	0.6	0.5	0.29	0.5	0.0	0.51	0.22	6
1425	0.29	0.26	0.43	0.17	0.5	0.0	0.55	0.3	6
1426	0.51	0.46	0.41	0.36	0.5	0.0	0.49	0.22	6
1427	0.92	0.66	0.52	0.23	0.5	0.0	0.53	0.22	3
1428	0.49	0.56	0.37	0.2	0.5	0.0	0.53	0.22	6
1429	0.86	0.78	0.34	0.15	0.5	0.0	0.53	0.22	5
1430	0.38	0.44	0.57	0.14	0.5	0.0	0.53	0.52	1
1431	0.72	0.73	0.41	0.28	0.5	0.0	0.44	0.22	3
1432	0.8	0.73	0.47	0.19	0.5	0.0	0.49	0.22	3
1433	0.49	0.55	0.35	0.23	0.5	0.0	0.57	0.22	6
1434	0.63	0.71	0.44	0.53	0.5	0.0	0.52	0.22	5
1435	0.6	0.68	0.3	0.27	0.5	0.0	0.55	0.22	6
1436	0.4	0.43	0.49	0.17	0.5	0.0	0.51	0.36	1
1437	0.82	0.63	0.47	0.18	0.5	0.0	0.5	0.22	8
1438	0.77	0.68	0.35	0.19	0.5	0.0	0.53	0.43	3
1439	0.51	0.59	0.46	0.13	0.5	0.0	0.48	0.22	0
1440	0.52	0.46	0.34	0.2	0.5	0.0	0.51	0.25	6
1441	0.47	0.5	0.6	0.63	0.5	0.0	0.38	0.16	2
1442	0.34	0.24	0.51	0.15	0.5	0.0	0.54	0.4	1
1443	0.35	0.29	0.46	0.14	0.5	0.0	0.54	0.66	1
1444	0.58	0.67	0.49	0.16	0.5	0.0	0.47	0.28	0
1445	0.85	0.85	0.3	0.31	0.5	0.0	0.55	0.42	3
1446	0.36	0.48	0.61	0.26	0.5	0.0	0.5	0.16	1
1447	0.41	0.25	0.59	0.44	0.5	0.0	0.6	0.69	1
1448	0.3	0.37	0.4	0.45	0.5	0.0	0.48	0.41	6
1449	0.57	0.59	0.49	0.86	0.5	0.0	0.47	0.22	1
1450	0.38	0.4	0.39	0.19	0.5	0.0	0.46	0.62	1
1451	0.77	0.74	0.37	0.29	0.5	0.0	0.45	0.22	3
1452	0.47	0.38	0.58	0.19	0.5	0.0	0.57	0.22	2
1453	0.5	0.61	0.44	0.2	0.5	0.0	0.49	0.22	0
1454	0.41	0.45	0.46	0.23	0.5	0.0	0.5	0.7	2
1455	0.46	0.62	0.46	0.54	0.5	0.0	0.51	0.27	0
1456	0.74	0.75	0.45	0.44	0.5	0.0	0.52	0.22	8
1457	0.52	0.53	0.58	0.69	0.5	0.0	0.5	0.22	0
1458	0.41	0.47	0.5	0.14	0.5	0.0	0.53	0.37	1
1459	0.25	0.4	0.52	0.15	0.5	0.0	0.56	0.28	1
1460	0.58	0.56	0.38	0.39	0.5	0.0	0.54	0.57	1
1461	0.32	0.29	0.29	0.08	0.5	0.0	0.52	0.22	6
1462	0.38	0.48	0.57	0.3	0.5	0.0	0.41	0.11	2
1463	0.39	0.58	0.47	0.18	0.5	0.0	0.48	0.22	0
1464	0.38	0.47	0.47	0.18	0.5	0.0	0.44	0.26	0
1465	0.63	0.57	0.5	0.48	0.5	0.0	0.51	0.22	0
1466	0.51	0.45	0.62	0.25	0.5	0.0	0.59	0.22	0
1467	0.59	0.67	0.54	0.19	0.5	0.0	0.48	0.6	1
1468	0.6	0.61	0.54	0.11	0.5	0.0	0.46	0.22	2
1469	0.48	0.61	0.57	0.17	0.5	0.0	0.45	0.22	2
1470	0.71	0.5	0.5	0.18	0.5	0.0	0.46	0.22	2
1471	0.61	0.48	0.54	0.25	0.5	0.0	0.5	0.22	2
1472	0.38	0.32	0.64	0.41	0.5	0.0	0.44	0.11	2
1473	0.38	0.4	0.66	0.35	0.5	0.0	0.43	0.11	2
1474	0.81	0.62	0.43	0.17	0.5	0.0	0.53	0.22	5
1475	0.47	0.43	0.61	0.4	0.5	0.0	0.48	0.47	1
1476	0.67	0.57	0.36	0.19	0.5	0.0	0.56	0.22	5
1477	0.43	0.4	0.6	0.16	0.5	0.0	0.53	0.39	1
1478	0.65	0.54	0.54	0.13	0.5	0.0	0.53	0.22	2
